,cod_item,cod_item_pai,nome,situacao,just_es_2grau,just_es_juizado_es,just_es_turmas,just_es_1grau_mil,just_es_2grau_mil,just_es_juizado_es_fp,just_tu_es_un,just_fed_1grau,just_fed_2grau,just_fed_juizado_es,just_fed_turmas,just_fed_nacional,just_fed_regional,just_trab_1grau,just_trab_2grau,just_trab_tst,just_trab_csjt,stf,stj,cjf,cnj,just_mil_uniao_1grau,just_mil_uniao_stm,just_mil_est_1grau,just_mil_est_tjm,just_elei_1grau,just_elei_2grau,just_elei_tse
0,2,,PROCESSO CÍVEL E DO TRABALHO,A,N,N,N,N,N,N,N,N,N,N,N,N,N,N,N,N,N,N,N,N,S,N,N,N,N,N,N,N
1,5,,SUPERIOR TRIBUNAL DE JUSTIÇA,A,N,N,N,N,N,N,N,N,N,N,N,N,N,N,N,N,N,N,N,N,N,N,N,N,N,N,N,N
2,7,1107.0,Procedimento Comum Cível,A,S,N,N,S,N,N,N,S,S,N,N,N,N,N,N,N,N,N,N,N,N,N,N,S,N,N,N,N
3,22,1107.0,Procedimento Sumário,I,N,N,N,S,N,N,N,S,N,N,N,N,N,N,N,N,N,N,N,N,N,N,N,S,N,N,N,N
4,26,1107.0,Procedimentos Especiais,A,N,N,N,N,N,N,N,N,N,N,N,N,N,N,N,N,N,N,N,N,S,N,N,N,N,N,N,N
5,27,26.0,Procedimentos Especiais de Jurisdição Contenciosa,A,N,N,N,N,N,N,N,N,N,N,N,N,N,N,N,N,N,N,N,N,S,N,N,N,N,N,N,N
6,28,27.0,Anulação e Substituição de Títulos ao Portador,I,N,N,N,N,N,N,N,S,N,N,N,N,N,N,N,N,N,N,N,N,N,N,N,N,N,N,N,N
7,29,27.0,Apreensão e Depósito de Coisa Vendida com Reserva de Domínio,I,N,N,N,N,N,N,N,S,N,N,N,N,N,N,N,N,N,N,N,N,N,N,N,N,N,N,N,N
8,30,27.0,Arrolamento Comum,A,N,N,N,N,N,N,N,N,N,N,N,N,N,N,N,N,N,N,N,N,N,N,N,N,N,N,N,N
9,31,27.0,Arrolamento Sumário,A,N,N,N,N,N,N,N,N,N,N,N,N,N,N,N,N,N,N,N,N,N,N,N,N,N,N,N,N
10,32,27.0,Consignação em Pagamento,A,S,N,N,S,S,N,N,S,N,N,N,N,N,S,N,N,N,N,N,N,N,N,N,S,S,N,N,N
11,34,27.0,Demarcação / Divisão,A,N,N,N,N,N,N,N,S,N,N,N,N,N,N,N,N,N,N,N,N,N,N,N,N,N,N,N,N
12,35,27.0,Depósito,I,N,N,N,N,N,N,N,S,N,N,N,N,N,N,N,N,N,N,N,N,N,N,N,N,N,N,N,N
13,37,27.0,Embargos de Terceiro Cível,A,S,S,N,S,S,N,N,S,S,N,N,N,N,S,S,S,N,N,N,N,N,N,N,S,S,S,S,S
14,38,27.0,Habilitação,A,S,N,N,S,S,N,N,S,S,N,N,N,N,N,N,N,N,N,N,N,N,N,N,S,S,N,N,N
15,39,27.0,Inventário,A,N,N,N,N,N,N,N,N,N,N,N,N,N,N,N,N,N,N,N,N,N,N,N,N,N,N,N,N
16,40,27.0,Monitória,A,N,N,N,N,N,N,N,S,N,N,N,N,N,S,N,N,N,N,N,N,N,N,N,N,N,N,N,N
17,41,27.0,Nunciação de Obra Nova,I,N,N,N,N,N,N,N,S,N,N,N,N,N,N,N,N,N,N,N,N,N,N,N,N,N,N,N,N
18,44,27.0,Prestação de Contas - Oferecidas,I,N,N,N,N,N,N,N,S,N,N,N,N,N,S,N,N,N,N,N,N,N,N,N,N,N,N,N,N
19,45,27.0,Ação de Exigir Contas,A,N,N,N,N,N,N,N,S,N,N,N,N,N,S,N,N,N,N,N,N,N,N,N,N,N,N,N,N
20,46,27.0,Restauração de Autos Cível,A,S,S,S,S,S,N,N,S,S,S,S,N,S,S,S,S,N,N,S,S,S,N,N,S,S,N,N,N
21,47,27.0,Ação Rescisória,A,S,N,N,N,S,N,N,N,S,N,N,N,N,N,S,S,N,N,N,N,N,N,N,N,S,N,S,S
22,48,27.0,Sobrepartilha,A,N,N,N,N,N,N,N,N,N,N,N,N,N,N,N,N,N,N,N,N,N,N,N,N,N,N,N,N
23,49,27.0,Usucapião,A,N,N,N,N,N,N,N,S,N,N,N,N,N,N,N,N,N,N,N,N,N,N,N,N,N,N,N,N
24,50,26.0,Procedimentos Especiais de Jurisdição Voluntária,A,N,N,N,N,N,N,N,N,N,N,N,N,N,N,N,N,N,N,N,N,N,N,N,N,N,N,N,N
25,51,50.0,"Abertura, Registro e Cumprimento de Testamento",A,N,N,N,N,N,N,N,N,N,N,N,N,N,N,N,N,N,N,N,N,N,N,N,N,N,N,N,N
26,52,50.0,Alienação Judicial de Bens,A,N,N,N,S,N,N,N,S,N,N,N,N,N,N,N,N,N,N,N,N,N,N,N,S,N,N,N,N
27,53,50.0,Arrecadação das Coisas Vagas,A,N,N,N,N,N,N,N,N,N,N,N,N,N,N,N,N,N,N,N,N,N,N,N,N,N,N,N,N
28,54,50.0,Confirmação de Testamento,A,N,N,N,N,N,N,N,N,N,N,N,N,N,N,N,N,N,N,N,N,N,N,N,N,N,N,N,N
29,55,50.0,Declaração de Ausência,A,N,N,N,N,N,N,N,S,N,N,N,N,N,N,N,N,N,N,N,N,N,N,N,N,N,N,N,N
30,56,50.0,Especialização de Hipoteca Legal,I,N,N,N,N,N,N,N,S,N,N,N,N,N,N,N,N,N,N,N,N,N,N,N,N,N,N,N,N
31,57,50.0,Herança Jacente,A,N,N,N,N,N,N,N,N,N,N,N,N,N,N,N,N,N,N,N,N,N,N,N,N,N,N,N,N
32,58,50.0,Interdição,A,N,N,N,N,N,N,N,N,N,N,N,N,N,N,N,N,N,N,N,N,N,N,N,N,N,N,N,N
33,59,50.0,Organização e Fiscalização de Fundação,A,N,N,N,N,N,N,N,S,N,N,N,N,N,N,N,N,N,N,N,N,N,N,N,N,N,N,N,N
34,60,50.0,Separação Consensual,A,N,N,N,N,N,N,N,N,N,N,N,N,N,N,N,N,N,N,N,N,N,N,N,N,N,N,N,N
35,61,50.0,Tutela e Curatela -  Nomeação,I,N,N,N,N,N,N,N,N,N,N,N,N,N,N,N,N,N,N,N,N,N,N,N,N,N,N,N,N
36,62,26.0,"Procedimentos Regidos por Outros Códigos, Leis Esparsas e Regimentos",A,N,N,N,N,N,N,N,N,N,N,N,N,N,N,N,N,N,N,N,N,N,N,N,N,N,N,N,N
37,63,62.0,Ação Civil Coletiva,A,N,N,N,N,N,N,N,S,S,N,N,N,N,S,N,N,N,N,N,N,N,N,N,N,N,N,N,N
38,64,62.0,Ação Civil de Improbidade Administrativa,A,S,N,N,S,S,N,N,S,S,N,N,N,N,N,N,N,N,N,N,N,N,N,N,S,S,N,N,N
39,65,62.0,Ação Civil Pública,A,S,N,N,N,N,N,N,S,S,N,N,N,N,S,S,N,N,S,S,N,N,N,N,N,N,N,N,N
40,66,62.0,Ação Popular,A,S,N,N,N,N,N,N,S,S,N,N,N,N,N,N,N,N,S,S,N,N,N,N,N,N,N,N,N
41,69,62.0,Alimentos - Lei Especial Nº 5.478/68,A,N,N,N,N,N,N,N,S,N,S,N,N,N,N,N,N,N,N,N,N,N,N,N,N,N,N,N,N
42,72,62.0,Alteração do Regime de Bens,I,N,N,N,N,N,N,N,N,N,N,N,N,N,N,N,N,N,N,N,N,N,N,N,N,N,N,N,N
43,74,62.0,Alvará Judicial - Lei 6858/80,A,N,S,N,N,N,N,N,N,N,N,N,N,N,S,N,N,N,N,N,N,N,N,N,N,N,N,N,N
44,76,62.0,Apreensão de Embarcações,I,N,N,N,N,N,N,N,S,N,N,N,N,N,N,N,N,N,N,N,N,N,N,N,N,N,N,N,N
45,77,62.0,Arribadas Forçadas,I,N,N,N,N,N,N,N,S,N,N,N,N,N,N,N,N,N,N,N,N,N,N,N,N,N,N,N,N
46,79,62.0,Regulação de Avaria Grossa,I,N,N,N,N,N,N,N,S,N,N,N,N,N,N,N,N,N,N,N,N,N,N,N,N,N,N,N,N
47,80,62.0,Avarias,I,N,N,N,N,N,N,N,S,N,N,N,N,N,N,N,N,N,N,N,N,N,N,N,N,N,N,N,N
48,81,62.0,Busca e Apreensão em Alienação Fiduciária,A,N,N,N,N,N,N,N,S,N,N,N,N,N,N,N,N,N,N,N,N,N,N,N,N,N,N,N,N
49,82,62.0,Cancelamento de Naturalização,A,N,N,N,N,N,N,N,S,N,N,N,N,N,N,N,N,N,N,N,N,N,N,N,N,N,N,N,N
50,83,175.0,Cautelar Fiscal,A,N,N,N,N,N,N,N,S,N,N,N,N,N,N,N,N,N,N,N,N,N,N,N,N,N,S,S,S
51,84,62.0,Cobrança de Cédula de Crédito Industrial,A,N,N,N,N,N,N,N,S,N,N,N,N,N,N,N,N,N,N,N,N,N,N,N,N,N,N,N,N
52,85,62.0,Compromisso Arbitral,A,N,N,N,N,N,N,N,S,N,N,N,N,N,N,N,N,N,N,N,N,N,N,N,N,N,N,N,N
53,86,62.0,Consignatória de Aluguéis,A,N,N,N,N,N,N,N,S,N,N,N,N,N,N,N,N,N,N,N,N,N,N,N,N,N,N,N,N
54,87,62.0,Conversão de Separação Judicial em Divórcio,A,N,N,N,N,N,N,N,N,N,N,N,N,N,N,N,N,N,N,N,N,N,N,N,N,N,N,N,N
55,88,1198.0,Correição Parcial ou Reclamação Correicional,A,S,N,N,S,S,N,N,N,S,N,N,N,N,N,S,S,N,N,N,S,N,S,N,S,S,N,N,N
56,89,62.0,Depósito da Lei 8. 866/94,A,N,N,N,N,N,N,N,S,N,N,N,N,N,N,N,N,N,N,N,N,N,N,N,N,N,N,N,N
57,90,62.0,Desapropriação,A,N,N,N,N,N,N,N,S,N,N,N,N,N,N,N,N,N,N,N,N,N,N,N,N,N,N,N,N
58,91,62.0,Desapropriação Imóvel Rural por Interesse Social,A,N,N,N,N,N,N,N,S,N,N,N,N,N,N,N,N,N,N,N,N,N,N,N,N,N,N,N,N
59,92,62.0,Despejo,A,N,S,N,N,N,N,N,S,N,N,N,N,N,N,N,N,N,N,N,N,N,N,N,N,N,N,N,N
60,93,62.0,Despejo por Falta de Pagamento,A,N,S,N,N,N,N,N,S,N,N,N,N,N,N,N,N,N,N,N,N,N,N,N,N,N,N,N,N
61,94,62.0,Despejo por Falta de Pagamento Cumulado Com Cobrança,A,N,S,N,N,N,N,N,S,N,N,N,N,N,N,N,N,N,N,N,N,N,N,N,N,N,N,N,N
62,95,62.0,Direta de Inconstitucionalidade,A,S,N,N,N,N,N,N,N,N,N,N,N,N,N,N,N,N,N,N,N,N,N,N,N,N,N,N,N
63,96,62.0,Discriminatória,A,N,N,N,N,N,N,N,S,N,N,N,N,N,N,N,N,N,N,N,N,N,N,N,N,N,N,N,N
64,97,62.0,Dissolução e Liquidação de Sociedade,I,N,N,N,N,N,N,N,S,N,N,N,N,N,N,N,N,N,N,N,N,N,N,N,N,N,N,N,N
65,98,62.0,Divórcio Consensual,I,N,N,N,N,N,N,N,N,N,N,N,N,N,N,N,N,N,N,N,N,N,N,N,N,N,N,N,N
66,99,62.0,Divórcio Litigioso,I,N,N,N,N,N,N,N,N,N,N,N,N,N,N,N,N,N,N,N,N,N,N,N,N,N,N,N,N
67,100,62.0,Dúvida,A,N,N,N,N,N,N,N,S,N,N,N,N,N,N,N,N,N,N,N,N,N,N,N,N,N,N,N,N
68,107,62.0,Expropriação da Lei 8.257/91,A,N,N,N,N,N,N,N,S,N,N,N,N,N,N,N,N,N,N,N,N,N,N,N,N,N,N,N,N
69,108,62.0,"Falência de Empresários, Sociedades Empresáriais, Microempresas e Empresas de Pequeno Porte",A,N,N,N,N,N,N,N,N,N,N,N,N,N,N,N,N,N,N,N,N,N,N,N,N,N,N,N,N
70,110,62.0,Habeas Data,A,S,N,N,S,S,N,N,S,S,N,N,N,N,S,S,S,N,N,N,N,N,S,S,S,S,S,S,S
71,111,62.0,Habilitação de Crédito,A,N,N,N,N,N,N,N,N,N,N,N,N,N,N,N,N,N,N,N,N,N,N,N,N,N,N,N,N
72,112,62.0,Homologação de Transação Extrajudicial,I,N,S,N,N,N,N,N,S,N,N,N,N,N,S,N,N,N,N,N,N,N,N,N,N,N,N,N,N
73,113,62.0,Imissão na Posse,A,N,N,N,N,N,N,N,S,N,N,N,N,N,N,N,N,N,N,N,N,N,N,N,N,N,N,N,N
74,114,62.0,Impugnação de Crédito,A,N,N,N,N,N,N,N,N,N,N,N,N,N,N,N,N,N,N,N,N,N,N,N,N,N,N,N,N
75,115,62.0,Inquérito Extrajudicial,A,N,N,N,N,N,N,N,N,N,N,N,N,N,N,N,N,N,N,N,N,N,N,N,N,N,N,N,N
76,118,62.0,Mandado de Injunção,A,S,N,N,N,S,N,N,N,N,N,N,N,N,N,N,N,N,N,N,N,N,N,N,N,S,S,S,S
77,119,62.0,Mandado de Segurança Coletivo,A,S,N,N,N,N,N,N,S,S,N,N,N,N,S,S,S,N,N,N,N,N,N,N,N,N,N,N,N
78,120,62.0,Mandado de Segurança Cível,A,S,N,S,S,S,N,N,S,S,N,S,S,S,S,S,S,N,N,N,N,N,N,N,S,S,S,S,S
79,121,62.0,Naturalização,A,N,N,N,N,N,N,N,S,N,N,N,N,N,N,N,N,N,N,N,N,N,N,N,N,N,N,N,N
80,122,62.0,Opção de Nacionalidade,A,N,N,N,N,N,N,N,S,N,N,N,N,N,N,N,N,N,N,N,N,N,N,N,N,N,N,N,N
81,123,62.0,Averiguação de Paternidade,A,N,N,N,N,N,N,N,N,N,N,N,N,N,N,N,N,N,N,N,N,N,N,N,N,N,N,N,N
82,124,62.0,Pedido de Resposta ou Retificação da Lei de Imprensa,A,N,N,N,N,N,N,N,S,N,N,N,N,N,N,N,N,N,N,N,N,N,N,N,N,N,N,N,N
83,127,62.0,Protesto Formado a Bordo,I,N,N,N,N,N,N,N,S,N,N,N,N,N,N,N,N,N,N,N,N,N,N,N,N,N,N,N,N
84,128,62.0,Recuperação Extrajudicial,A,N,N,N,N,N,N,N,N,N,N,N,N,N,N,N,N,N,N,N,N,N,N,N,N,N,N,N,N
85,129,62.0,Recuperação Judicial,A,N,N,N,N,N,N,N,N,N,N,N,N,N,N,N,N,N,N,N,N,N,N,N,N,N,N,N,N
86,134,62.0,Registro Torrens,A,N,N,N,N,N,N,N,N,N,N,N,N,N,N,N,N,N,N,N,N,N,N,N,N,N,N,N,N
87,135,62.0,Relatório Falimentar,A,N,N,N,N,N,N,N,N,N,N,N,N,N,N,N,N,N,N,N,N,N,N,N,N,N,N,N,N
88,136,62.0,Remição do Imóvel Hipotecado,A,N,N,N,N,N,N,N,S,N,N,N,N,N,N,N,N,N,N,N,N,N,N,N,N,N,N,N,N
89,137,62.0,Renovatória de Locação,A,N,N,N,N,N,N,N,S,N,N,N,N,N,N,N,N,N,N,N,N,N,N,N,N,N,N,N,N
90,138,62.0,Restituição de Coisa ou Dinheiro na Falência do Devedor Empresário,A,N,N,N,N,N,N,N,N,N,N,N,N,N,N,N,N,N,N,N,N,N,N,N,N,N,N,N,N
91,140,62.0,Revisional de Aluguel,A,N,N,N,N,N,N,N,S,N,N,N,N,N,N,N,N,N,N,N,N,N,N,N,N,N,N,N,N
92,141,62.0,Separação Litigiosa,I,N,N,N,N,N,N,N,N,N,N,N,N,N,N,N,N,N,N,N,N,N,N,N,N,N,N,N,N
93,142,62.0,Sonegados,A,N,N,N,N,N,N,N,N,N,N,N,N,N,N,N,N,N,N,N,N,N,N,N,N,N,N,N,N
94,143,62.0,Suprimento de Idade e/ou Consentimento,A,N,N,N,N,N,N,N,N,N,N,N,N,N,N,N,N,N,N,N,N,N,N,N,N,N,N,N,N
95,144,62.0,Suspensão de Liminar ou Antecipação de Tutela,I,S,N,N,N,S,N,N,N,S,N,N,N,N,N,S,N,N,N,N,N,N,N,N,N,S,N,S,S
96,145,62.0,Suspensão de Execução de Sentença,I,S,N,N,N,S,N,N,N,S,N,N,N,N,N,N,N,N,N,N,N,N,N,N,N,S,N,N,N
97,150,1106.0,Procedimento de Liquidação,A,N,N,N,N,N,N,N,N,N,N,N,N,N,N,N,N,N,N,N,N,N,N,N,N,N,N,N,N
98,151,150.0,Liquidação por Arbitramento,A,S,N,N,S,S,N,N,S,S,N,N,N,N,N,N,N,N,N,N,N,N,N,N,S,S,N,N,N
99,152,150.0,Liquidação de Sentença pelo Procedimento Comum,A,S,N,N,S,S,N,N,S,S,N,N,N,N,N,N,N,N,N,N,N,N,N,N,S,S,N,N,N
100,153,150.0,Liquidação Provisória por Arbitramento,A,S,N,N,S,S,N,N,S,S,N,N,N,N,N,N,N,N,N,N,N,N,N,N,S,S,N,N,N
101,154,150.0,Liquidação Provisória de Sentença pelo Procedimento Comum,A,S,N,N,S,S,N,N,S,S,N,N,N,N,N,N,N,N,N,N,N,N,N,N,S,S,N,N,N
102,155,1106.0,Procedimento de Cumprimento de Sentença/Decisão,A,N,N,N,N,N,N,N,N,N,N,N,N,N,N,N,N,N,N,N,N,N,N,N,N,N,N,N,N
103,156,155.0,Cumprimento de sentença,A,S,S,N,S,S,S,N,S,S,N,N,N,N,S,S,S,N,N,N,N,N,N,N,S,S,S,S,S
104,157,155.0,Cumprimento Provisório de Sentença,A,S,S,N,S,S,S,N,S,S,N,N,N,N,S,S,N,N,N,N,N,N,N,N,S,S,S,S,N
105,158,2.0,Processo de Execução,A,N,N,N,N,N,N,N,N,N,N,N,N,N,N,N,N,N,N,N,N,N,N,N,N,N,N,N,N
106,159,158.0,Execução de Título Extrajudicial,A,N,S,N,N,N,N,N,S,N,S,N,N,N,N,N,N,N,N,N,N,N,N,N,N,N,N,N,N
107,165,158.0,Insolvência Civil,A,N,N,N,N,N,N,N,N,N,N,N,N,N,N,N,N,N,N,N,N,N,N,N,N,N,N,N,N
108,166,165.0,Insolvência Requerida pelo Credor,A,N,N,N,N,N,N,N,N,N,N,N,N,N,N,N,N,N,N,N,N,N,N,N,N,N,N,N,N
109,167,165.0,Insolvência Requerida pelo Devedor ou pelo Espólio,A,N,N,N,N,N,N,N,N,N,N,N,N,N,N,N,N,N,N,N,N,N,N,N,N,N,N,N,N
110,169,158.0,Embargos,A,N,N,N,N,N,N,N,N,N,N,N,N,N,N,N,N,N,N,N,N,N,N,N,N,N,N,N,N
111,170,169.0,Embargos à Adjudicação,I,S,N,N,N,N,N,N,S,S,N,N,N,N,S,N,N,N,N,N,N,N,N,N,N,N,N,N,N
112,171,169.0,Embargos à Arrematação,I,S,N,N,N,N,N,N,S,S,N,N,N,N,S,N,N,N,N,N,N,N,N,N,N,N,N,N,N
113,172,169.0,Embargos à Execução,A,S,N,N,S,S,N,N,S,S,N,N,N,N,S,N,N,N,N,N,N,N,N,N,S,S,S,S,S
114,173,169.0,Embargos de Retenção por Benfeitorias,I,N,S,N,N,N,N,N,S,N,N,N,N,N,N,N,N,N,N,N,N,N,N,N,N,N,N,N,N
115,175,2.0,Processo Cautelar,A,N,N,N,N,N,N,N,N,N,N,N,N,N,N,N,N,N,N,N,N,N,N,N,N,N,N,N,N
116,176,175.0,Alimentos - Provisionais,I,N,N,N,N,N,N,N,S,S,N,N,N,N,N,N,N,N,N,N,N,N,N,N,N,N,N,N,N
117,177,175.0,Apreensão de  Títulos,I,N,N,N,N,N,N,N,S,N,N,N,N,N,N,N,N,N,N,N,N,N,N,N,N,N,N,N,N
118,178,175.0,Arresto ,I,S,N,N,S,S,N,N,S,S,N,N,N,N,S,S,S,N,N,N,N,N,N,N,S,S,N,N,N
119,179,175.0,Arrolamento de Bens,I,S,N,N,N,N,N,N,S,N,N,N,N,N,N,N,N,N,N,N,N,N,N,N,N,N,N,N,N
120,180,175.0,Atentado,I,S,N,N,N,N,N,N,S,S,N,N,N,N,S,S,S,N,N,N,N,N,N,N,N,N,N,N,N
121,181,175.0,Busca e Apreensão,I,S,N,N,S,S,N,N,S,S,N,N,N,N,S,S,S,N,N,N,N,N,N,N,S,S,N,N,N
122,182,175.0,Caução,I,S,N,N,N,N,N,N,S,N,N,N,N,N,S,S,S,N,N,N,N,N,N,N,N,N,N,N,N
123,183,175.0,Cautelar Inominada,I,S,N,S,S,S,N,N,S,S,N,N,N,N,S,S,S,N,N,N,N,N,N,N,S,S,S,S,S
124,186,175.0,Exibição,I,S,N,N,S,S,N,N,S,S,N,N,N,N,S,S,S,N,N,N,N,N,N,N,S,S,N,N,N
125,188,175.0,Homologação do Penhor Legal,I,N,N,N,N,N,N,N,S,N,N,N,N,N,N,N,N,N,N,N,N,N,N,N,N,N,N,N,N
126,190,175.0,Justificação,I,S,S,N,S,S,N,N,S,N,S,N,N,N,S,S,S,N,N,N,N,N,N,N,S,S,N,N,N
127,191,175.0,Protesto,I,S,N,N,S,S,N,N,S,S,N,N,N,N,S,S,S,N,N,N,N,N,N,N,S,S,N,N,N
128,192,175.0,Posse em Nome do Nascituro,I,N,N,N,N,N,N,N,S,S,N,N,N,N,N,N,N,N,N,N,N,N,N,N,N,N,N,N,N
129,193,175.0,Produção Antecipada da Prova,A,S,N,N,S,S,N,N,S,S,N,N,N,N,S,S,S,N,N,N,N,N,N,N,S,S,S,S,S
130,194,175.0,Regulamentação de Visitas,I,N,N,N,N,N,N,N,N,N,N,N,N,N,N,N,N,N,N,N,N,N,N,N,N,N,N,N,N
131,195,175.0,Separação de Corpos,I,S,N,N,N,N,N,N,N,N,N,N,N,N,N,N,N,N,N,N,N,N,N,N,N,N,N,N,N
132,196,175.0,Seqüestro,I,S,N,N,S,S,N,N,S,S,N,N,N,N,S,S,S,N,N,N,N,N,N,N,S,S,N,N,N
133,197,2.0,Recursos,A,N,N,N,N,N,N,N,N,N,N,N,N,N,N,N,N,N,N,N,N,N,N,N,N,N,N,N,N
134,198,197.0,Apelação Cível,A,S,N,N,N,S,N,N,N,S,N,N,N,N,N,N,N,N,N,N,N,N,N,N,N,S,N,N,N
135,199,197.0,Remessa Necessária Cível,A,S,N,N,N,S,N,N,N,S,N,N,N,N,N,N,N,N,N,N,N,N,N,N,N,S,N,N,N
136,200,197.0,Agravos,A,N,N,N,N,N,N,N,N,N,N,N,N,N,N,N,N,N,N,N,N,N,N,N,N,N,N,N,N
137,202,200.0,Agravo de Instrumento,A,S,N,S,N,S,N,N,N,S,N,S,N,N,N,N,N,N,N,N,N,N,N,N,N,S,N,S,S
138,203,200.0,Agravo de Instrumento em Recurso Especial,I,N,N,N,N,N,N,N,N,N,N,N,N,N,N,N,N,N,N,N,N,N,N,N,N,N,N,N,N
139,204,200.0,Agravo de Instrumento em Recurso Extraordinário,A,S,N,S,N,S,N,N,N,S,N,S,N,S,N,S,S,N,N,N,N,N,N,N,N,S,N,N,N
140,206,200.0,Agravo Regimental Cível,A,S,N,N,N,S,N,N,N,S,N,S,S,S,N,N,N,N,N,S,N,N,N,N,N,S,N,N,N
141,207,197.0,Embargos,A,N,N,N,N,N,N,N,N,N,N,N,N,N,N,N,N,N,N,N,N,N,N,N,N,N,N,N,N
142,208,207.0,Embargos Infringentes,I,S,N,N,N,S,N,N,N,S,N,N,N,N,N,N,N,N,N,N,N,N,N,N,N,S,N,N,N
143,210,207.0,Embargos Infringentes na Execução Fiscal,A,N,N,N,N,N,N,N,S,N,N,N,N,N,S,N,N,N,N,N,N,N,N,N,N,N,N,N,N
144,211,197.0,Recurso Ordinário Cível,A,N,N,N,N,N,N,N,N,N,N,N,N,N,N,N,N,N,N,N,N,N,N,N,N,N,N,N,N
145,212,197.0,Recurso Extraordinário,A,N,N,N,N,N,N,N,N,N,N,N,N,N,N,N,N,N,S,N,N,N,N,N,N,N,N,N,N
146,213,197.0,Recurso Especial,A,N,N,N,N,N,N,N,N,N,N,N,N,N,N,N,N,N,N,S,N,N,N,N,N,N,N,N,N
147,214,2.0,Outros Procedimentos,A,N,N,N,N,N,N,N,N,N,N,N,N,N,N,N,N,N,N,N,N,S,N,N,N,N,N,N,N
148,215,214.0,Incidentes,A,S,S,S,S,S,S,S,S,S,S,S,S,S,S,S,S,N,S,S,N,N,S,S,S,S,S,S,S
149,216,215.0,Incidente De Arguição de Inconstitucionalidade Cível,A,S,N,N,N,S,N,N,N,S,N,N,N,N,N,N,N,N,N,S,N,N,N,N,N,S,N,N,N
150,218,215.0,Assistência Judiciária,I,S,S,S,S,S,N,N,S,S,N,N,N,N,N,N,N,N,N,N,N,N,N,N,S,S,N,N,N
151,221,215.0,Conflito de competência cível,A,S,N,S,N,S,N,N,N,S,N,S,N,N,N,S,S,N,N,N,N,N,N,N,N,S,S,S,S
152,224,215.0,Exceções,I,N,N,N,N,N,N,N,N,N,N,N,N,N,N,N,N,N,N,N,N,N,N,N,N,N,N,N,N
153,228,215.0,Exibição de Documento ou Coisa Cível,A,S,N,N,S,S,N,N,S,S,N,N,N,N,N,N,N,N,N,N,N,N,N,N,S,S,S,S,S
154,229,155.0,Impugnação ao Cumprimento de Sentença,I,S,N,N,S,S,N,N,S,S,N,N,N,N,N,N,N,N,N,N,N,N,N,N,S,S,N,N,N
155,230,215.0,Impugnação ao Pedido de Assistência Litisconsorcial ou Simples,I,S,N,N,S,S,N,N,S,S,N,N,N,N,N,N,N,N,N,N,N,N,N,N,S,S,N,N,N
156,231,215.0,Impugnação ao Valor da Causa Cível,A,S,N,N,S,S,N,N,S,S,N,N,N,N,S,S,S,N,N,S,N,N,N,N,S,S,N,N,N
157,232,215.0,Incidente de Falsidade,I,S,N,N,S,S,N,N,S,S,N,N,N,N,S,S,S,N,N,S,N,N,N,N,S,S,N,N,N
158,233,215.0,Incidente de Uniformização de Jurisprudência,I,S,N,N,N,S,N,N,N,S,N,N,N,N,N,S,S,N,N,S,N,N,N,N,N,S,N,N,N
159,234,215.0,Remoção de Inventariante,A,N,N,N,N,N,N,N,N,N,N,N,N,N,N,N,N,N,N,N,N,N,N,N,N,N,N,N,N
160,236,215.0,Oposição,A,S,N,N,N,N,N,N,S,S,N,N,N,N,S,S,S,N,N,N,N,N,N,N,N,N,N,N,N
161,237,214.0,Atos e expedientes,A,N,N,N,N,N,N,N,N,N,N,N,N,N,N,N,N,N,N,N,N,S,N,N,N,N,N,N,N
162,238,237.0,Avocatória,A,S,N,N,N,S,N,N,N,S,N,N,N,N,N,N,N,N,N,N,N,S,N,N,N,S,N,N,N
163,239,237.0,Habilitação para Casamento,A,N,N,N,N,N,N,N,N,N,N,N,N,N,N,N,N,N,N,N,N,N,N,N,N,N,N,N,N
164,240,237.0,Instrução de Rescisória,A,N,N,N,S,S,N,N,N,N,N,N,N,N,N,N,N,N,N,N,N,N,N,N,S,S,N,N,N
165,241,237.0,Petição Cível,A,S,S,S,S,S,S,N,S,S,S,S,N,S,S,S,S,N,N,N,N,N,N,N,S,S,S,S,S
166,242,237.0,Comunicação,A,S,N,N,N,N,N,N,N,S,N,N,N,N,N,N,N,N,N,N,N,N,N,N,N,N,N,N,N
167,244,62.0,Reclamação,I,S,N,S,N,S,N,N,N,S,N,S,N,N,N,N,N,N,N,N,N,N,N,N,N,S,N,S,S
168,251,237.0,Registro de Casamento Nuncupativo,A,N,N,N,N,N,N,N,N,N,N,N,N,N,N,N,N,N,N,N,N,N,N,N,N,N,N,N,N
169,256,1198.0,Representação por Excesso de Prazo,A,S,N,N,N,S,N,N,N,S,N,N,N,N,N,S,S,N,S,S,N,S,N,S,N,S,N,S,S
170,257,214.0,Cartas,A,N,N,N,N,N,N,N,N,N,N,N,N,N,N,N,N,N,N,N,N,N,N,N,N,N,N,N,N
171,258,257.0,Carta de Ordem Cível,A,S,S,S,S,S,S,N,S,S,N,N,N,N,S,S,N,N,N,N,N,N,N,N,S,S,S,S,N
172,261,257.0,Carta Precatória Cível,A,S,S,S,S,S,S,N,S,S,S,N,N,N,S,S,N,N,N,N,N,N,N,N,S,S,S,S,N
173,264,257.0,Carta Rogatória Cível,A,N,N,N,S,S,N,N,S,N,N,N,N,N,S,S,S,N,N,N,N,N,N,N,S,S,S,S,S
174,268,,PROCESSO CRIMINAL,A,N,N,N,N,N,N,N,N,N,N,N,N,N,N,N,N,N,N,N,N,N,N,N,N,N,N,N,N
175,269,268.0,Medidas Preparatórias,A,N,N,N,N,N,N,N,N,N,N,N,N,N,N,N,N,N,N,N,N,N,N,N,N,N,S,S,S
176,270,269.0,Notícia-Crime,I,S,S,N,N,N,N,N,S,S,N,N,N,N,N,N,N,N,N,N,N,N,N,N,N,N,N,N,N
177,271,277.0,Representação Criminal,A,N,N,N,N,N,N,N,N,N,N,N,N,N,N,N,N,N,N,N,N,N,N,N,N,N,S,S,S
178,272,271.0,Representação Criminal/Notícia de Crime,A,S,S,N,S,S,N,N,S,S,N,N,N,N,N,N,N,N,N,N,N,N,S,S,S,S,S,S,S
179,273,271.0,Pedido de Arquivamento em Representação Criminal,I,S,S,N,N,N,N,N,S,S,N,N,N,N,N,N,N,N,N,N,N,N,N,N,N,N,N,N,N
180,274,269.0,Interpelações,A,N,N,N,N,N,N,N,N,N,N,N,N,N,N,N,N,N,N,N,N,N,N,N,N,N,S,S,S
181,275,274.0,Notificação para Explicações,A,S,S,N,S,S,N,N,S,S,N,N,N,N,N,N,N,N,N,N,N,N,S,S,S,S,S,S,S
182,276,274.0,Notificação para Explicações (Lei de Imprensa),A,S,N,N,N,N,N,N,S,S,N,N,N,N,N,N,N,N,N,N,N,N,N,N,N,N,S,S,S
183,277,268.0,Procedimentos Investigatórios,A,N,N,N,N,N,N,N,N,N,N,N,N,N,N,N,N,N,N,N,N,N,N,N,N,N,S,S,S
184,278,277.0,Termo Circunstanciado,A,S,S,N,S,S,N,N,N,S,S,N,N,N,N,N,N,N,N,N,N,N,N,N,S,S,S,S,S
185,279,277.0,Inquérito Policial,A,S,S,N,N,N,N,N,S,S,N,N,N,N,N,N,N,N,N,N,N,N,N,N,N,N,S,S,S
186,280,277.0,Auto de Prisão em Flagrante,A,S,S,N,S,S,N,N,S,S,N,N,N,N,N,N,N,N,N,N,N,N,S,S,S,S,S,S,S
187,281,268.0,Procedimento Comum,A,N,N,N,N,N,N,N,N,N,N,N,N,N,N,N,N,N,N,N,N,N,N,N,N,N,S,S,S
188,282,281.0,Ação Penal de Competência do Júri,A,S,N,N,N,N,N,N,S,N,N,N,N,N,N,N,N,N,S,N,N,N,N,N,N,N,S,S,S
189,283,281.0,Ação Penal - Procedimento Ordinário,A,S,N,N,N,N,N,N,S,S,N,N,N,N,N,N,N,N,N,N,N,N,N,N,N,N,S,S,S
190,284,268.0,Processo Especial,A,N,N,N,N,N,N,N,N,N,N,N,N,N,N,N,N,N,N,N,N,N,N,N,N,N,S,S,S
191,285,284.0,Processo Especial do Código de Processo Penal,A,N,N,N,N,N,N,N,N,N,N,N,N,N,N,N,N,N,N,N,N,N,N,N,N,N,S,S,S
192,287,285.0,Crimes de Responsabilidade dos Funcionários Públicos,A,S,S,N,N,N,N,N,S,N,N,N,N,N,N,N,N,N,N,N,N,N,N,N,N,N,S,S,S
193,288,285.0,"Crimes de Calúnia, Injúria e Difamação de Competência do Juiz Singular",A,S,S,N,N,N,N,N,S,N,S,N,N,N,N,N,N,N,N,N,N,N,N,N,N,N,S,S,S
194,289,285.0,Crimes Contra a Propriedade Imaterial,A,S,S,N,N,N,N,N,S,N,N,N,N,N,N,N,N,N,N,N,N,N,N,N,N,N,S,S,S
195,290,285.0,Processo Sumário (Detenção),I,S,N,N,N,N,N,N,S,N,N,N,N,N,N,N,N,N,N,N,N,N,N,N,N,N,N,N,N
196,291,285.0,Restauração de Autos Criminal,A,S,S,S,S,S,N,N,S,S,S,S,S,S,N,N,N,N,N,N,N,N,S,S,S,S,S,S,S
197,292,284.0,Processo Especial de Leis Esparsas,A,N,N,N,N,N,N,N,N,N,N,N,N,N,N,N,N,N,N,N,N,N,N,N,N,N,S,S,S
198,293,292.0,Crimes Ambientais,A,S,S,N,N,N,N,N,S,S,S,N,N,N,N,N,N,N,N,N,N,N,N,N,N,N,S,S,S
199,294,292.0,Crimes Contra a Propriedade Industrial,A,S,S,N,N,N,N,N,N,N,N,N,N,N,N,N,N,N,N,N,N,N,N,N,N,N,S,S,S
200,295,292.0,Crimes Contra a Propriedade Intelectual,A,S,S,N,N,N,N,N,N,N,N,N,N,N,N,N,N,N,N,N,N,N,N,N,N,N,S,S,S
201,297,292.0,Crimes de Imprensa,A,S,S,N,N,N,N,N,S,N,N,N,N,N,N,N,N,N,N,N,N,N,N,N,N,N,S,S,S
202,299,292.0,Procedimento do Juizado Especial Criminal - Sumariíssimo,I,N,S,N,N,N,N,N,N,N,S,N,N,N,N,N,N,N,N,N,N,N,N,N,N,N,N,N,N
203,300,292.0,Procedimento Especial da Lei Antitóxicos,A,S,S,N,N,N,N,N,S,N,N,N,N,N,N,N,N,N,N,N,N,N,N,N,N,N,S,S,S
204,302,292.0,Procedimento Especial dos Crimes de Abuso de Autoridade,A,S,S,N,N,N,N,N,N,N,S,N,N,N,N,N,N,N,N,N,N,N,N,N,N,N,S,S,S
205,303,268.0,Medidas Garantidoras,A,N,N,N,N,N,N,N,N,N,N,N,N,N,N,N,N,N,N,N,N,N,N,N,N,N,S,S,S
206,304,303.0,Liberdade,A,N,N,N,N,N,N,N,N,N,N,N,N,N,N,N,N,N,N,N,N,N,N,N,N,N,S,S,S
207,305,304.0,Liberdade Provisória com ou sem fiança,A,S,S,N,S,S,N,N,S,S,N,N,N,N,N,N,N,N,N,N,N,N,S,S,S,S,S,S,S
208,306,304.0,Relaxamento de Prisão,A,S,S,N,S,S,N,N,N,N,N,N,N,N,N,N,N,N,N,N,N,N,S,S,S,S,S,S,S
209,307,303.0,Habeas Corpus Criminal,A,S,S,S,S,S,N,N,S,S,S,S,N,N,N,N,N,N,N,N,N,N,N,S,S,S,S,S,S
210,308,268.0,Medidas Cautelares,A,N,N,N,N,N,N,N,N,N,N,N,N,N,N,N,N,N,N,S,N,N,N,N,N,N,S,S,S
211,309,308.0,Pedido de Busca e Apreensão Criminal,A,S,S,N,S,S,N,N,S,S,N,N,N,N,N,N,N,N,N,N,N,N,S,S,S,S,S,S,S
212,310,308.0,Pedido de Quebra de Sigilo de Dados e/ou Telefônico,A,S,S,N,S,S,N,N,S,S,S,N,N,N,N,N,N,N,S,S,N,N,S,S,S,S,S,S,S
213,311,308.0,Medidas Investigatórias Sobre Organizações Criminosas,A,S,N,N,S,S,N,N,S,N,N,N,N,N,N,N,N,N,N,N,N,N,S,S,S,S,S,S,S
214,312,308.0,Pedido de Prisão,A,N,N,N,N,N,N,N,N,N,N,N,N,N,N,N,N,N,N,N,N,N,N,N,N,N,S,S,S
215,313,312.0,Pedido de Prisão Preventiva,A,S,S,N,S,S,N,N,S,S,N,N,N,N,N,N,N,N,N,N,N,N,S,S,S,S,S,S,S
216,314,312.0,Pedido de Prisão Temporária,A,S,N,N,S,S,N,N,S,S,N,N,N,N,N,N,N,N,N,N,N,N,S,S,S,S,S,S,S
217,315,312.0,Pedido de Prisão/ Liberdade Vigiada para Fins de Expulsão,I,N,N,N,N,N,N,N,S,N,N,N,N,N,N,N,N,N,N,N,N,N,N,N,N,N,N,N,N
218,316,268.0,Questões e Processos Incidentes,A,N,N,N,N,N,N,N,N,N,N,N,N,N,N,N,N,N,N,N,N,N,N,N,N,N,S,S,S
219,317,316.0,Exceções,A,N,N,N,N,N,N,N,N,N,N,N,N,N,N,N,N,N,N,N,N,N,N,N,N,N,S,S,S
220,318,317.0,Exceção de Suspeição,A,S,S,S,S,S,N,N,S,S,N,N,N,N,N,N,N,N,N,N,N,N,S,S,S,S,S,S,S
221,319,317.0,Exceção de Incompetência de Juízo,A,S,S,S,S,S,N,N,S,S,N,N,N,N,N,N,N,N,N,N,N,N,S,S,S,S,S,S,S
222,320,317.0,Exceção de Litispendência,A,S,S,S,S,S,N,N,S,S,N,N,N,N,N,N,N,N,N,N,N,N,S,S,S,S,S,S,S
223,321,317.0,Exceção de Ilegitimidade de Parte,A,S,S,S,N,N,N,N,S,S,N,N,N,N,N,N,N,N,N,N,N,N,N,N,N,N,S,S,S
224,322,317.0,Exceção de Coisa Julgada,A,S,S,S,S,S,N,N,S,S,N,N,N,N,N,N,N,N,N,N,N,N,S,S,S,S,S,S,S
225,323,317.0,Exceção de Impedimento,A,S,S,S,S,S,N,N,S,S,N,N,N,N,N,N,N,N,N,N,N,N,S,S,S,S,S,S,S
226,324,317.0,Exceção da Verdade,A,S,S,S,S,S,N,N,S,S,N,N,N,N,N,N,N,N,N,N,N,N,S,S,S,S,S,S,S
227,325,331.0,Conflito de Jurisdição,A,S,N,S,N,S,N,N,N,S,N,S,N,N,N,N,N,N,N,N,N,N,N,N,N,N,S,S,S
228,326,316.0,Restituição de Coisas Apreendidas,A,S,S,S,S,S,N,N,S,S,N,N,N,N,N,N,N,N,S,S,N,N,S,S,S,S,S,S,S
229,327,316.0,Embargos de Terceiro Criminal,A,S,S,N,S,S,N,N,S,S,N,N,N,N,N,N,N,N,N,N,N,N,S,S,S,S,S,S,S
230,328,316.0,Medidas Assecuratórias,A,N,N,N,N,N,N,N,S,S,N,N,N,N,N,N,N,N,N,N,N,N,N,N,N,N,N,N,N
231,329,328.0,Seqüestro,A,S,N,N,S,S,N,N,S,S,N,N,N,N,N,N,N,N,N,N,N,N,S,S,S,S,S,S,S
232,330,328.0,Arresto / Hipoteca Legal,A,S,N,N,S,S,N,N,S,S,N,N,N,N,N,N,N,N,N,N,N,N,S,S,S,S,S,S,S
233,331,316.0,Incidentes,A,S,N,N,N,N,N,N,S,N,N,N,N,N,N,N,N,N,N,S,N,N,N,N,N,N,S,S,S
234,332,331.0,Incidente de Falsidade,A,S,N,N,S,S,N,N,S,S,N,N,N,N,N,N,N,N,N,N,N,N,S,S,S,S,S,S,S
235,333,331.0,Insanidade Mental do Acusado,A,S,N,N,S,S,N,N,S,S,N,N,N,N,N,N,N,N,N,N,N,N,S,S,S,S,S,S,S
236,334,268.0,Cartas,A,N,N,N,N,N,N,N,N,N,N,N,N,N,N,N,N,N,N,N,N,N,N,N,N,N,S,S,S
237,335,334.0,Carta de Ordem Criminal,A,S,S,S,S,S,N,N,S,S,N,N,N,N,N,N,N,N,N,N,N,N,S,S,S,S,S,S,S
238,355,334.0,Carta Precatória Criminal,A,S,S,S,S,S,N,N,S,S,S,N,N,N,N,N,N,N,N,N,N,N,S,N,S,S,S,S,S
239,375,334.0,Carta Rogatória Criminal,A,N,N,N,N,N,N,N,S,N,N,N,N,N,N,N,N,N,N,N,N,N,N,N,N,N,S,S,S
240,385,,EXECUÇÃO PENAL E DE MEDIDAS ALTERNATIVAS,A,N,N,N,N,N,N,N,N,N,N,N,N,N,N,N,N,N,N,N,N,N,N,N,N,N,S,S,S
241,386,385.0,Execução da Pena,A,S,S,N,S,S,N,N,S,S,S,N,N,N,N,N,N,N,N,N,N,N,S,S,S,S,S,S,S
242,406,385.0,Incidentes,I,S,N,N,N,N,N,N,N,N,N,N,N,N,N,N,N,N,N,N,N,N,N,N,N,N,S,S,S
243,407,406.0,Conversão de Pena,I,S,N,N,S,S,N,N,S,S,N,N,N,N,N,N,N,N,N,N,N,N,S,S,S,S,S,S,S
244,408,406.0,Excesso ou Desvio,I,S,N,N,S,S,N,N,S,S,N,N,N,N,N,N,N,N,N,N,N,N,S,S,S,S,S,S,S
245,409,406.0,Anistia,I,S,N,N,S,S,N,N,S,S,N,N,N,N,N,N,N,N,N,N,N,N,S,S,S,S,S,S,S
246,410,406.0,Indulto,I,S,N,N,S,S,N,N,S,S,N,N,N,N,N,N,N,N,N,N,N,N,S,S,S,S,S,S,S
247,411,406.0,Comutação de Pena,I,S,N,N,S,S,N,N,S,S,N,N,N,N,N,N,N,N,N,N,N,N,S,S,S,S,S,S,S
248,412,268.0,Recursos,A,N,N,N,N,N,N,N,N,N,N,N,N,N,N,N,N,N,N,N,N,N,N,N,N,N,S,S,S
249,413,412.0,Agravo de Execução Penal,A,S,N,N,S,S,N,N,S,S,N,N,N,N,N,N,N,N,N,N,N,N,S,N,S,S,S,S,S
250,416,412.0,Apelação em Mandado de Segurança,I,S,N,N,N,N,N,N,N,S,N,N,N,N,N,N,N,N,N,N,N,N,N,N,N,N,N,N,N
251,417,412.0,Apelação Criminal,A,S,N,S,N,S,N,N,N,S,N,S,N,N,N,N,N,N,N,N,N,N,N,S,N,S,S,S,S
252,418,412.0,Carta Testemunhável,A,S,N,S,S,S,N,N,S,S,N,S,N,N,N,N,N,N,N,N,N,N,N,N,S,S,S,S,S
253,419,412.0,Correição Parcial Criminal,A,S,N,S,N,N,N,N,N,S,N,S,N,N,N,N,N,N,N,N,N,N,N,N,N,N,S,S,S
254,420,412.0,Embargos de Declaração Criminal,A,S,S,S,S,S,N,N,N,N,N,N,N,N,N,N,N,N,N,N,N,N,N,S,S,S,S,S,S
255,421,412.0,Embargos Infringentes e de Nulidade,A,S,N,N,N,S,N,N,N,S,N,N,N,N,N,N,N,N,N,N,N,N,N,S,N,S,S,S,S
256,422,412.0,Protesto por Novo Júri,I,N,N,N,N,N,N,N,N,N,N,N,N,N,N,N,N,N,N,N,N,N,N,N,N,N,N,N,N
257,424,412.0,Recurso de Medida Cautelar Criminal,A,N,N,N,N,N,N,N,N,N,N,N,N,N,N,N,N,N,N,N,N,N,N,N,N,N,S,S,S
258,425,412.0,Recurso de Sentença Criminal,I,N,N,S,N,N,N,N,N,N,N,S,N,N,N,N,N,N,N,N,N,N,N,N,N,N,N,N,N
259,426,412.0,Recurso em Sentido Estrito,A,S,N,N,N,S,N,N,N,S,N,N,N,N,N,N,N,N,N,N,N,N,N,S,N,S,S,S,S
260,427,412.0,Remessa Necessária Criminal,A,S,N,S,N,S,N,N,N,S,N,S,N,N,N,N,N,N,N,N,N,N,N,S,N,S,S,S,S
261,428,412.0,Revisão Criminal,I,S,N,S,N,S,N,N,N,S,N,S,N,N,N,N,N,N,N,N,N,N,N,S,N,S,N,S,S
262,432,331.0,Desaforamento de Julgamento,A,S,N,N,N,S,N,N,N,S,N,N,N,N,N,N,N,N,N,N,N,N,N,S,N,S,S,S,S
263,433,331.0,Incidente de Uniformização de Jurisprudência,I,S,N,N,N,S,N,N,N,S,N,N,S,S,N,N,N,N,N,S,S,N,N,N,N,S,N,N,N
264,436,1107.0,Procedimento do Juizado Especial Cível,A,N,S,N,N,N,S,N,N,N,S,N,N,N,N,N,N,N,N,N,N,N,N,N,N,N,N,N,N
265,457,215.0,Pedido de Uniformização de Interpretação de Lei Cível,A,N,N,N,N,N,N,S,N,N,N,S,S,S,N,N,N,N,N,N,S,N,N,N,N,N,N,N,N
266,460,197.0,Recurso Inominado Cível,A,N,N,S,N,N,N,N,N,N,N,S,N,N,N,N,N,N,N,N,N,N,N,N,N,N,N,N,N
267,547,,JUIZADOS DA INFÂNCIA E DA JUVENTUDE,A,N,N,N,N,N,N,N,N,N,N,N,N,N,N,N,N,N,N,N,N,N,N,N,N,N,N,N,N
268,976,1067.0,Ação Anulatória de Cláusulas Convencionais,A,N,N,N,N,N,N,N,N,N,N,N,N,N,N,S,S,N,N,N,N,N,N,N,N,N,N,N,N
269,980,1067.0,Ação de Cumprimento,A,N,N,N,N,N,N,N,N,N,N,N,N,N,S,N,S,N,N,N,N,N,N,N,N,N,N,N,N
270,985,1067.0,Ação Trabalhista - Rito Ordinário,A,N,N,N,N,N,N,N,N,N,N,N,N,N,S,S,S,N,N,N,N,N,N,N,N,N,N,N,N
271,986,1067.0,Inquérito para Apuração de Falta Grave,A,N,N,N,N,N,N,N,N,N,N,N,N,N,S,N,N,N,N,N,N,N,N,N,N,N,N,N,N
272,987,1067.0,Dissídio Coletivo,A,S,N,N,N,N,N,N,N,N,N,N,N,N,N,S,S,N,N,N,N,N,N,N,N,N,N,N,N
273,988,1067.0,Dissídio Coletivo de Greve,A,S,N,N,N,N,N,N,N,S,N,N,N,N,N,S,S,N,N,N,N,N,N,N,N,N,N,N,N
274,990,1068.0,Execução de Título Extrajudicial,A,N,N,N,N,N,N,N,N,N,N,N,N,N,S,N,N,N,N,N,N,N,N,N,N,N,N,N,N
275,991,1068.0,Execução de Termo de Ajuste de Conduta,A,N,N,N,N,N,N,N,N,N,N,N,N,N,S,N,N,N,N,N,N,N,N,N,N,N,N,N,N
276,992,1068.0,Execução de Termo de Conciliação de CCP,A,N,N,N,N,N,N,N,N,N,N,N,N,N,S,N,N,N,N,N,N,N,N,N,N,N,N,N,N
277,993,1068.0,Execução de Certidão de Crédito Judicial,A,N,N,N,N,N,N,N,N,N,N,N,N,N,S,N,N,N,N,N,N,N,N,N,N,N,N,N,N
278,994,1068.0,Execução Provisória em Autos Suplementares,A,N,N,N,N,N,N,N,N,N,N,N,N,N,N,N,N,N,N,N,N,N,N,N,N,N,N,N,N
279,1000,1209.0,Agravo,A,N,N,N,N,N,N,N,N,N,N,N,N,N,N,S,S,N,N,N,N,N,N,N,N,N,N,N,N
280,1001,1209.0,Agravo de Instrumento em Agravo de Petição,A,N,N,N,N,N,N,N,N,S,N,N,N,N,S,S,N,N,N,N,N,N,N,N,N,N,N,N,N
281,1002,1209.0,Agravo de Instrumento em Recurso de Revista,A,N,N,N,N,N,N,N,N,N,N,N,N,N,N,S,S,N,N,N,N,N,N,N,N,N,N,N,N
282,1003,1209.0,Agravo de Instrumento em Recurso Ordinário,A,N,N,N,N,N,N,N,N,N,N,N,N,N,S,S,S,N,N,N,N,N,N,N,N,N,N,N,N
283,1004,1209.0,Agravo de Petição,A,N,N,N,N,N,N,N,N,S,N,N,N,N,N,S,S,N,N,N,N,N,N,N,N,N,N,N,N
284,1005,1209.0,Agravo Regimental Trabalhista,A,N,N,N,N,N,N,N,N,N,N,N,N,N,N,S,N,N,N,N,N,N,N,N,N,N,N,N,N
285,1006,1071.0,Embargos,A,N,N,N,N,N,N,N,N,N,N,N,N,N,N,N,S,N,N,N,N,N,N,N,N,N,N,N,N
286,1007,1071.0,Embargos Infringentes,A,N,N,N,N,N,N,N,N,N,N,N,N,N,N,N,S,N,N,N,N,N,N,N,N,N,N,N,N
287,1008,1071.0,Recurso de Revista,A,N,N,N,N,N,N,N,N,N,N,N,N,N,N,N,S,N,N,N,N,N,N,N,N,N,N,N,N
288,1009,1071.0,Recurso Ordinário Trabalhista,A,N,N,N,N,N,N,N,N,N,N,N,N,N,N,S,S,N,N,N,N,N,N,N,N,N,N,N,N
289,1013,5.0,Agravo em Recurso de Habeas Corpus,A,N,N,N,N,N,N,N,N,N,N,N,N,N,N,N,N,N,N,S,N,N,N,N,N,N,N,N,N
290,1015,5.0,Embargos de Divergência em Recurso de Mandado de Segurança,I,N,N,N,N,N,N,N,N,N,N,N,N,N,N,N,N,N,N,S,N,N,N,N,N,N,N,N,N
291,1016,5.0,Embargos de Divergência em Agravo Regimental,A,N,N,N,N,N,N,N,N,N,N,N,N,N,N,N,N,N,N,S,N,N,N,N,N,N,N,N,N
292,1017,5.0,Embargos à Execução em Mandado de Segurança,A,N,N,N,N,N,N,N,N,N,N,N,N,N,N,N,N,N,N,S,N,N,N,N,N,N,N,N,N
293,1018,5.0,Embargos à Execução em Ação Recisoria,A,N,N,N,N,N,N,N,N,N,N,N,N,N,N,N,N,N,N,S,N,N,N,N,N,N,N,N,N
294,1019,5.0,Embargos à Execução em Medida Cautelar,A,N,N,N,N,N,N,N,N,N,N,N,N,N,N,N,N,N,N,S,N,N,N,N,N,N,N,N,N
295,1020,5.0,Execução em Ação Rescisória,A,N,N,N,N,N,N,N,N,N,N,N,N,N,N,N,N,N,N,S,N,N,N,N,N,N,N,N,N
296,1021,5.0,Execução em Sentença Estrangeira,A,N,N,N,N,N,N,N,N,N,N,N,N,N,N,N,N,N,N,S,N,N,N,N,N,N,N,N,N
297,1022,5.0,Execução em Sentença Estrangeira Contestada,A,N,N,N,N,N,N,N,N,N,N,N,N,N,N,N,N,N,N,S,N,N,N,N,N,N,N,N,N
298,1023,5.0,Execução em Mandado de Segurança,A,N,N,N,N,N,N,N,N,N,N,N,N,N,N,N,N,N,N,S,N,N,N,N,N,N,N,N,N
299,1024,5.0,Execução em Medida Cautelar,A,N,N,N,N,N,N,N,N,N,N,N,N,N,N,N,N,N,N,S,N,N,N,N,N,N,N,N,N
300,1025,5.0,Incidente de Deslocamento de Competência ,A,N,N,N,N,N,N,N,N,N,N,N,N,N,N,N,N,N,N,S,N,N,N,N,N,N,N,N,N
301,1026,5.0,Sentença Estrangeira,A,N,N,N,N,N,N,N,N,N,N,N,N,N,N,N,N,N,N,S,N,N,N,N,N,N,N,N,N
302,1027,5.0,Sentença Estrangeira Contestada,A,N,N,N,N,N,N,N,N,N,N,N,N,N,N,N,N,N,N,S,N,N,N,N,N,N,N,N,N
303,1028,5.0,Sindicância,A,N,N,N,N,N,N,N,N,N,N,N,N,N,N,N,N,N,N,S,N,N,N,N,N,N,N,N,N
304,1029,5.0,Mandado de Segurança,A,N,N,N,N,N,N,N,N,N,N,N,N,N,N,N,N,N,N,S,N,N,N,N,N,N,N,N,N
305,1030,5.0,Reclamação,A,N,N,N,N,N,N,N,N,N,N,N,N,N,N,N,N,N,N,S,N,N,N,N,N,N,N,N,N
306,1031,5.0,Recurso Ordinário,A,N,N,N,N,N,N,N,N,N,N,N,N,N,N,N,N,N,N,S,N,N,N,N,N,N,N,N,N
307,1032,5.0,Recurso Especial,A,N,N,N,N,N,N,N,N,N,N,N,N,N,N,N,N,N,N,S,N,N,N,N,N,N,N,N,N
308,1033,5.0,Ação Penal,A,N,N,N,N,N,N,N,N,N,N,N,N,N,N,N,N,N,N,S,N,N,N,N,N,N,N,N,N
309,1034,5.0,Interpelação Judicial,A,N,N,N,N,N,N,N,N,N,N,N,N,N,N,N,N,N,N,S,N,N,N,N,N,N,N,N,N
310,1035,5.0,Apelação Cível,I,N,N,N,N,N,N,N,N,N,N,N,N,N,N,N,N,N,N,S,N,N,N,N,N,N,N,N,N
311,1036,5.0,Suspensão de Liminar e de Sentença,A,N,N,N,N,N,N,N,N,N,N,N,N,N,N,N,N,N,N,S,N,N,N,N,N,N,N,N,N
312,1037,5.0,Embargos Infringentes em Apelação Cível,I,N,N,N,N,N,N,N,N,N,N,N,N,N,N,N,N,N,N,S,N,N,N,N,N,N,N,N,N
313,1038,5.0,Representação,A,N,N,N,N,N,N,N,N,N,N,N,N,N,N,N,N,N,N,S,N,N,N,N,N,N,N,N,N
314,1040,5.0,Requisição de Pequeno Valor,A,N,N,N,N,N,N,N,N,N,N,N,N,N,N,N,N,N,N,S,N,N,N,N,N,N,N,N,N
315,1042,5.0,Inquérito,A,N,N,N,N,N,N,N,N,N,N,N,N,N,N,N,N,N,N,S,N,N,N,N,N,N,N,N,N
316,1044,5.0,Agravo de Instrumento,A,N,N,N,N,N,N,N,N,N,N,N,N,N,N,N,N,N,N,S,N,N,N,N,N,N,N,N,N
317,1045,5.0,Agravo em Recurso Extraordinário,A,N,N,N,N,N,N,N,N,N,N,N,N,N,N,N,N,N,S,S,N,N,N,N,N,N,N,N,N
318,1046,5.0,Agravo em Recurso de Mandado de Segurança,A,N,N,N,N,N,N,N,N,N,N,N,N,N,N,N,N,N,S,S,N,N,N,N,N,N,N,N,N
319,1047,5.0,Carta Rogatória,A,N,N,N,N,N,N,N,N,N,N,N,N,N,N,N,N,N,N,S,N,N,N,N,N,N,N,N,N
320,1049,5.0,Habeas Data,A,N,N,N,N,N,N,N,N,N,N,N,N,N,N,N,N,N,N,S,N,N,N,N,N,N,N,N,N
321,1053,5.0,Conflito de Atribuição,A,N,N,N,N,N,N,N,N,N,N,N,N,N,N,N,N,N,N,S,N,N,N,N,N,N,N,N,N
322,1054,5.0,Conflito de Competência,A,N,N,N,N,N,N,N,N,N,N,N,N,N,N,N,N,N,N,S,N,N,N,N,N,N,N,N,N
323,1057,5.0,Petição,A,N,N,N,N,N,N,N,N,N,N,N,N,N,N,N,N,N,N,S,N,N,N,N,N,N,N,N,N
324,1062,5.0,Medida Cautelar,A,N,N,N,N,N,N,N,N,N,N,N,N,N,N,N,N,N,N,S,N,N,N,N,N,N,N,N,N
325,1063,5.0,Exceção da Verdade,A,N,N,N,N,N,N,N,N,N,N,N,N,N,N,N,N,N,N,S,N,N,N,N,N,N,N,N,N
326,1064,5.0,Remessa Necessária em Habeas Corpus,A,N,N,N,N,N,N,N,N,N,N,N,N,N,N,N,N,N,N,S,N,N,N,N,N,N,N,N,N
327,1066,5.0,Embargos Infringentes em Ação Rescisória,I,N,N,N,N,N,N,N,N,N,N,N,N,N,N,N,N,N,N,S,N,N,N,N,N,N,N,N,N
328,1067,1107.0,Procedimentos Trabalhistas,A,N,N,N,N,N,N,N,N,N,N,N,N,N,N,N,N,N,N,N,N,N,N,N,N,N,N,N,N
329,1068,158.0,Processo de Execução Trabalhista,A,N,N,N,N,N,N,N,N,N,N,N,N,N,N,N,N,N,N,N,N,N,N,N,N,N,N,N,N
330,1070,214.0,Incidentes Trabalhistas,A,N,N,N,N,N,N,N,N,N,N,N,N,N,N,N,N,N,N,N,N,N,N,N,N,N,N,N,N
331,1071,197.0,Recursos Trabalhistas,A,N,N,N,N,N,N,N,N,N,N,N,N,N,S,S,S,N,N,N,N,N,N,N,N,N,N,N,N
332,1072,1070.0,Pedido de Revisão do Valor da Causa,A,N,N,N,N,N,N,N,N,N,N,N,N,N,N,S,N,N,N,N,N,N,N,N,N,N,N,N,N
333,1106,2.0,Processo de Conhecimento,A,N,N,S,N,N,N,N,N,N,N,N,N,N,N,N,N,N,N,N,N,S,N,N,N,N,N,N,N
334,1107,1106.0,Procedimento de Conhecimento,A,N,N,S,N,N,N,N,N,N,N,N,N,N,N,N,N,N,N,N,N,S,N,N,N,N,N,N,N
335,1111,158.0,Execução de Título Judicial,A,S,S,S,N,N,S,N,S,S,S,S,N,N,S,S,N,N,N,N,N,N,N,N,N,N,N,N,N
336,1112,1111.0,Execução de Alimentos,I,N,N,N,N,N,N,N,N,N,N,N,N,N,N,N,N,N,N,N,N,N,N,N,N,N,N,N,N
337,1114,1111.0,Execução Contra a Fazenda Pública,I,S,N,N,S,S,S,N,S,S,N,N,N,N,N,N,N,N,N,N,N,N,N,N,S,S,N,N,N
338,1116,158.0,Execução Fiscal,A,N,N,N,N,N,N,N,S,N,N,N,N,N,S,N,N,N,N,N,N,N,N,N,N,N,S,S,S
339,1117,158.0,Execução Hipotecária do Sistema Financeiro da Habitação,A,N,N,N,N,N,N,N,S,N,N,N,N,N,N,N,N,N,N,N,N,N,N,N,N,N,N,N,N
340,1118,169.0,Embargos à Execução Fiscal,A,N,N,N,N,N,N,N,S,N,N,N,N,N,N,N,N,N,N,N,N,N,N,N,N,N,S,S,S
341,1122,50.0,Tutela e Curatela - Remoção e Dispensa,I,N,N,N,N,N,N,N,N,N,N,N,N,N,N,N,N,N,N,N,N,N,N,N,N,N,N,N,N
342,1124,62.0,Justificação de Dinheiro a Risco,I,N,N,N,N,N,N,N,S,N,N,N,N,N,N,N,N,N,N,N,N,N,N,N,N,N,N,N,N
343,1125,1067.0,Ação Trabalhista - Rito Sumaríssimo,A,N,N,N,N,N,N,N,N,N,N,N,N,N,S,N,N,N,N,N,N,N,N,N,N,N,N,N,N
344,1126,1067.0,Ação Trabalhista - Rito Sumário (Alçada),A,N,N,N,N,N,N,N,N,N,N,N,N,N,S,N,N,N,N,N,N,N,N,N,N,N,N,N,N
345,1137,5.0,Embargos de Divergência em Recurso Especial,A,N,N,N,N,N,N,N,N,N,N,N,N,N,N,N,N,N,N,S,N,N,N,N,N,N,N,N,N
346,1145,1070.0,Conflito de Competência,I,N,N,N,N,N,N,N,N,N,N,N,N,N,N,S,S,N,N,N,N,N,N,N,N,N,N,N,N
347,1178,331.0,Incidente de Arguição de Inconstitucionalidade Criminal,A,S,N,N,N,S,N,N,N,S,N,N,N,N,N,S,S,N,N,S,N,N,N,N,N,S,N,N,N
348,1198,,PROCEDIMENTOS ADMINISTRATIVOS,A,N,N,N,N,N,N,N,N,N,N,N,N,N,N,N,N,N,N,N,N,N,N,N,N,N,N,N,N
349,1199,1198.0,Pedido de Providências,A,S,N,N,S,S,N,N,S,S,N,N,N,N,N,S,S,N,N,N,S,S,S,S,S,S,N,S,S
350,1202,1067.0,Reclamação,A,N,N,N,N,N,N,N,N,N,N,N,N,N,N,S,S,N,N,N,N,N,N,N,N,N,N,N,N
351,1208,200.0,Agravo Interno Cível,A,S,N,N,N,S,N,N,N,S,N,N,N,N,N,N,N,N,N,N,N,N,N,S,N,S,N,N,N
352,1209,1071.0,Agravos,A,N,N,N,N,N,N,N,N,N,N,N,N,N,N,N,N,N,N,N,N,N,N,N,N,N,N,N,N
353,1230,224.0,Exceção de Impedimento,I,S,S,S,S,S,S,N,S,S,S,S,N,S,S,S,S,N,N,N,S,N,N,N,S,S,S,S,S
354,1231,224.0,Exceção de Suspeição,I,S,S,S,S,S,S,N,S,S,S,S,N,S,S,S,S,N,N,N,S,N,N,N,S,S,S,S,S
355,1232,224.0,Exceção de Incompetência,I,S,S,N,S,S,S,N,S,S,S,S,N,N,S,S,S,N,N,N,N,N,N,N,S,S,N,N,N
356,1233,175.0,Efeito Suspensivo,A,N,N,N,N,N,N,N,N,N,N,N,N,N,N,N,S,N,N,N,N,N,N,N,N,N,N,N,N
357,1262,1198.0,Processo Administrativo Disciplinar em face de Servidor,A,S,N,N,S,S,N,N,S,S,N,N,N,N,N,S,S,N,N,N,N,S,S,S,S,S,N,N,N
358,1264,1198.0,Processo Administrativo Disciplinar em face de Magistrado,A,S,N,N,N,S,N,N,N,S,N,N,N,N,N,S,S,N,N,N,N,S,N,S,N,S,N,N,N
359,1265,1198.0,Precatório,A,S,N,N,N,S,N,N,N,S,N,N,N,N,N,S,S,N,N,N,N,N,N,N,N,S,N,N,N
360,1266,1198.0,Requisição de Pequeno Valor,A,S,N,N,N,S,N,N,N,S,N,N,N,N,N,S,N,N,N,N,N,N,N,N,N,S,N,N,N
361,1267,1071.0,Recurso de Multa,A,N,N,N,N,N,N,N,N,N,N,N,N,N,N,S,N,N,N,N,N,N,N,N,N,N,N,N,N
362,1268,308.0,Medidas Protetivas de urgência (Lei Maria da Penha) Criminal,A,S,N,N,S,N,N,N,N,N,N,N,N,N,N,N,N,N,S,S,N,N,N,N,S,N,S,S,S
363,1269,62.0,Habeas Corpus Cível,A,S,N,S,S,S,N,N,N,S,N,N,N,N,S,S,S,N,N,N,N,N,N,N,S,S,N,N,N
364,1271,197.0,Recurso de Medida Cautelar Cível,A,N,N,S,N,N,N,N,N,N,N,S,N,N,N,N,N,N,N,N,N,N,N,N,N,N,N,N,N
365,1283,406.0,Superveniência de doença mental,I,S,N,N,S,S,N,N,S,S,N,N,N,N,N,N,N,N,N,N,N,N,S,S,S,S,S,S,S
366,1284,406.0,Unificação de penas,I,S,N,N,S,S,N,N,S,S,N,N,N,N,N,N,N,N,N,N,N,N,S,S,S,S,S,S,S
367,1285,215.0,Conflito de atribuição,I,S,N,N,N,N,N,N,N,N,N,N,N,N,N,N,N,N,N,N,N,N,N,N,N,N,N,N,N
368,1288,406.0,Transferência entre estabelecimentos penais,I,S,N,N,S,S,N,N,S,S,N,N,N,N,N,N,N,N,N,N,N,N,S,S,S,S,S,S,S
369,1289,175.0,Outras medidas provisionais,I,S,N,N,N,N,N,N,S,S,N,N,N,N,N,N,N,N,N,N,N,N,N,N,N,N,N,N,N
370,1291,331.0,Reabilitação,A,S,N,N,S,S,N,N,S,N,N,N,N,N,N,N,N,N,N,N,N,N,S,S,S,S,S,S,S
371,1294,50.0,Outros procedimentos de jurisdição voluntária,A,N,N,N,N,N,N,N,S,N,N,N,N,N,N,N,N,N,N,N,N,N,N,N,N,N,N,N,N
372,1295,50.0,Alvará Judicial,I,N,N,N,N,N,N,N,S,N,N,N,N,N,S,N,N,N,N,N,N,N,N,N,N,N,N,N,N
373,1296,62.0,Declaratória de Constitucionalidade,A,S,N,N,N,N,N,N,N,N,N,N,N,N,N,N,N,N,N,N,N,N,N,N,N,N,N,N,N
374,1297,62.0,Intervenção em Município,A,S,N,N,N,N,N,N,N,N,N,N,N,N,N,N,N,N,N,N,N,N,N,N,N,N,N,N,N
375,1298,1198.0,Processo Administrativo,A,S,N,N,S,S,N,N,S,S,N,N,N,N,N,S,S,N,N,N,S,N,S,S,S,S,S,S,S
376,1299,1198.0,Recurso Administrativo,A,S,N,N,N,S,N,N,N,S,N,N,N,N,N,S,S,N,N,S,N,N,N,N,N,S,N,S,S
377,1301,1198.0,Reclamação Disciplinar,A,S,N,N,S,S,N,N,S,S,N,N,N,N,N,S,S,N,N,N,N,S,N,N,S,S,N,N,N
378,1303,1198.0,Correição Extraordinária,A,S,N,N,N,S,N,N,N,S,N,N,N,N,N,S,S,N,N,N,N,N,N,S,N,S,S,S,S
379,1304,1198.0,Inspeção,A,S,N,N,N,S,N,N,N,S,N,N,N,N,N,N,S,S,N,N,N,S,N,N,N,S,S,S,S
380,1306,1198.0,Recurso em Processo Administrativo Disciplinar em face de Servidor,A,S,N,N,N,S,N,N,N,S,N,N,N,N,N,N,N,N,N,N,N,N,N,N,N,S,N,N,N
381,1307,1198.0,Correição Ordinária,A,S,N,N,N,S,N,N,N,S,N,N,N,N,N,S,S,N,N,N,N,S,N,S,N,S,S,S,S
382,1308,1198.0,Sindicância,A,S,N,N,S,S,N,N,S,S,N,N,N,N,N,S,S,N,N,N,N,S,S,S,S,S,S,S,S
383,1310,,SUPREMO TRIBUNAL FEDERAL,A,N,N,N,N,N,N,N,N,N,N,N,N,N,N,N,N,N,S,N,N,N,N,N,N,N,N,N,N
384,1311,1310.0,Ação Cautelar,A,N,N,N,N,N,N,N,N,N,N,N,N,N,N,N,N,N,S,N,N,N,N,N,N,N,N,N,N
385,1312,1310.0,Ação  Originária,A,N,N,N,N,N,N,N,N,N,N,N,N,N,N,N,N,N,S,N,N,N,N,N,N,N,N,N,N
386,1313,1310.0,Ação Declaratória de Constitucionalidade,A,N,N,N,N,N,N,N,N,N,N,N,N,N,N,N,N,N,S,N,N,N,N,N,N,N,N,N,N
387,1314,1310.0,Ação Direta de Inconstitucionalidade,A,N,N,N,N,N,N,N,N,N,N,N,N,N,N,N,N,N,S,N,N,N,N,N,N,N,N,N,N
388,1315,1310.0,Ação Cível Originária,A,N,N,N,N,N,N,N,N,N,N,N,N,N,N,N,N,N,S,N,N,N,N,N,N,N,N,N,N
389,1316,1310.0,Ação Originária Especial,A,N,N,N,N,N,N,N,N,N,N,N,N,N,N,N,N,N,N,N,N,N,N,N,N,N,N,N,N
390,1317,1310.0,Ação Penal,A,N,N,N,N,N,N,N,N,N,N,N,N,N,N,N,N,N,S,N,N,N,N,N,N,N,N,N,N
391,1318,1310.0,Ação Rescisória,A,N,N,N,N,N,N,N,N,N,N,N,N,N,N,N,N,N,S,N,N,N,N,N,N,N,N,N,N
392,1319,1310.0,Agravo Interno,I,N,N,N,N,N,N,N,N,N,N,N,N,N,N,N,N,N,S,N,N,N,N,N,N,N,N,N,N
393,1320,1310.0,Agravo de Instrumento,A,N,N,N,N,N,N,N,N,N,N,N,N,N,N,N,N,N,S,N,N,N,N,N,N,N,N,N,N
394,1321,1310.0,Agravo Regimental,A,N,N,N,N,N,N,N,N,N,N,N,N,N,N,N,N,N,S,N,N,N,N,N,N,N,N,N,N
395,1322,1310.0,Arguição de Descumprimento de Preceito Fundamental,A,N,N,N,N,N,N,N,N,N,N,N,N,N,N,N,N,N,S,N,N,N,N,N,N,N,N,N,N
396,1323,1310.0,Arguição de Suspeição,A,N,N,N,N,N,N,N,N,N,N,N,N,N,N,N,N,N,S,N,N,N,N,N,N,N,N,N,N
397,1324,1310.0,Carta Rogatória,I,N,N,N,N,N,N,N,N,N,N,N,N,N,N,N,N,N,S,N,N,N,N,N,N,N,N,N,N
398,1325,1310.0,Comunicação,A,N,N,N,N,N,N,N,N,N,N,N,N,N,N,N,N,N,S,N,N,N,N,N,N,N,N,N,N
399,1326,1310.0,Conflito de Competência,A,N,N,N,N,N,N,N,N,N,N,N,N,N,N,N,N,N,S,N,N,N,N,N,N,N,N,N,N
400,1327,1310.0,Embargos de Declaração,A,N,N,N,N,N,N,N,N,N,N,N,N,N,N,N,N,N,S,N,N,N,N,N,N,N,N,N,N
401,1328,1310.0,Embargos Divergentes,A,N,N,N,N,N,N,N,N,N,N,N,N,N,N,N,N,N,S,N,N,N,N,N,N,N,N,N,N
402,1329,1310.0,Embargos Infringentes,A,N,N,N,N,N,N,N,N,N,N,N,N,N,N,N,N,N,S,N,N,N,N,N,N,N,N,N,N
403,1330,1310.0,Extradição,A,N,N,N,N,N,N,N,N,N,N,N,N,N,N,N,N,N,S,N,N,N,N,N,N,N,N,N,N
404,1331,1310.0,Habeas Corpus,A,N,N,N,N,N,N,N,N,N,N,N,N,N,N,N,N,N,S,N,N,N,N,N,N,N,N,N,N
405,1332,1310.0,Habeas Data,A,N,N,N,N,N,N,N,N,N,N,N,N,N,N,N,N,N,S,N,N,N,N,N,N,N,N,N,N
406,1333,1310.0,Inquerito,A,N,N,N,N,N,N,N,N,N,N,N,N,N,N,N,N,N,S,N,N,N,N,N,N,N,N,N,N
407,1334,1310.0,Intervenção Federal,A,N,N,N,N,N,N,N,N,N,N,N,N,N,N,N,N,N,S,N,N,N,N,N,N,N,N,N,N
408,1335,1310.0,Mandado de Injunção,A,N,N,N,N,N,N,N,N,N,N,N,N,N,N,N,N,N,S,N,N,N,N,N,N,N,N,N,N
409,1336,1310.0,Mandado de Segurança,A,N,N,N,N,N,N,N,N,N,N,N,N,N,N,N,N,N,S,N,N,N,N,N,N,N,N,N,N
410,1337,1310.0,Medida Cautelar,A,N,N,N,N,N,N,N,N,N,N,N,N,N,N,N,N,N,S,N,N,N,N,N,N,N,N,N,N
411,1338,1310.0,Petição,A,N,N,N,N,N,N,N,N,N,N,N,N,N,N,N,N,N,S,N,N,N,N,N,N,N,N,N,N
412,1339,1310.0,Prisão Preventiva para Extradição,A,N,N,N,N,N,N,N,N,N,N,N,N,N,N,N,N,N,S,N,N,N,N,N,N,N,N,N,N
413,1340,1310.0,Processo Administrativo,I,N,N,N,N,N,N,N,N,N,N,N,N,N,N,N,N,N,S,N,N,N,N,N,N,N,N,N,N
414,1341,1310.0,Questão de Ordem,A,N,N,N,N,N,N,N,N,N,N,N,N,N,N,N,N,N,S,N,N,N,N,N,N,N,N,N,N
415,1342,1310.0,Reclamação,A,N,N,N,N,N,N,N,N,N,N,N,N,N,N,N,N,N,S,N,N,N,N,N,N,N,N,N,N
416,1343,1310.0,Recurso Criminal,A,N,N,N,N,N,N,N,N,N,N,N,N,N,N,N,N,N,S,N,N,N,N,N,N,N,N,S,S
417,1344,1310.0,Recurso em Habeas Corpus,A,N,N,N,N,N,N,N,N,N,N,N,N,N,N,N,N,N,S,N,N,N,N,N,N,N,N,S,S
418,1345,1310.0,Recurso em Habeas Data,A,N,N,N,N,N,N,N,N,N,N,N,N,N,N,N,N,N,S,N,N,N,N,N,N,N,N,S,S
419,1346,1310.0,Recurso em Mandado de Injunção,A,N,N,N,N,N,N,N,N,N,N,N,N,N,N,N,N,N,S,N,N,N,N,N,N,N,N,S,S
420,1347,1310.0,Recurso em Mandado de Segurança,A,N,N,N,N,N,N,N,N,N,N,N,N,N,N,N,N,N,S,N,N,N,N,N,N,N,N,S,S
421,1348,1310.0,Recurso Extraordinário,A,N,N,N,N,N,N,N,N,N,N,N,N,N,N,N,N,N,S,N,N,N,N,N,N,N,N,N,N
422,1349,1310.0,Revisão Criminal,A,N,N,N,N,N,N,N,N,N,N,N,N,N,N,N,N,N,S,N,N,N,N,N,N,N,N,N,N
423,1350,1310.0,Sentença Estrangeira,I,N,N,N,N,N,N,N,N,N,N,N,N,N,N,N,N,N,S,N,N,N,N,N,N,N,N,N,N
424,1351,1310.0,Sentença Estrangeira Contestada,I,N,N,N,N,N,N,N,N,N,N,N,N,N,N,N,N,N,S,N,N,N,N,N,N,N,N,N,N
425,1352,1310.0,Suspensão de Liminar,A,N,N,N,N,N,N,N,N,N,N,N,N,N,N,N,N,N,S,N,N,N,N,N,N,N,N,N,N
426,1353,1310.0,Suspensão de Segurança,A,N,N,N,N,N,N,N,N,N,N,N,N,N,N,N,N,N,S,N,N,N,N,N,N,N,N,N,N
427,1354,1310.0,Suspensão de Tutela Provisória,A,N,N,N,N,N,N,N,N,N,N,N,N,N,N,N,N,N,S,N,N,N,N,N,N,N,N,N,N
428,1355,1310.0,Siglas dos Processos Extintos,A,N,N,N,N,N,N,N,N,N,N,N,N,N,N,N,N,N,N,N,N,N,N,N,N,N,N,N,N
429,1356,1355.0,Ação Ordinária Regressiva,A,N,N,N,N,N,N,N,N,N,N,N,N,N,N,N,N,N,N,N,N,N,N,N,N,N,N,N,N
430,1357,1355.0,Ação Regressiva,A,N,N,N,N,N,N,N,N,N,N,N,N,N,N,N,N,N,N,N,N,N,N,N,N,N,N,N,N
431,1358,1355.0,Apelação Cível,A,N,N,N,N,N,N,N,N,N,N,N,N,N,N,N,N,N,N,N,N,N,N,N,N,N,N,N,N
432,1359,1355.0,Apelação Criminal,A,N,N,N,N,N,N,N,N,N,N,N,N,N,N,N,N,N,N,N,N,N,N,N,N,N,N,N,N
433,1360,1355.0,Arguição de Relevância,A,N,N,N,N,N,N,N,N,N,N,N,N,N,N,N,N,N,N,N,N,N,N,N,N,N,N,N,N
434,1361,1355.0,Carta Testemunhável,A,N,N,N,N,N,N,N,N,N,N,N,N,N,N,N,N,N,N,N,N,N,N,N,N,N,N,N,N
435,1362,1355.0,Conflito de Atribuições,A,N,N,N,N,N,N,N,N,N,N,N,N,N,N,N,N,N,N,N,N,N,N,N,N,N,N,N,N
436,1363,1355.0,Conflito de Jurisdição,A,N,N,N,N,N,N,N,N,N,N,N,N,N,N,N,N,N,N,N,N,N,N,N,N,N,N,N,N
437,1364,1355.0,Denúncia,A,N,N,N,N,N,N,N,N,N,N,N,N,N,N,N,N,N,N,N,N,N,N,N,N,N,N,N,N
438,1365,1355.0,Embargos Remetidos,A,N,N,N,N,N,N,N,N,N,N,N,N,N,N,N,N,N,N,N,N,N,N,N,N,N,N,N,N
439,1366,1355.0,Exceção da Verdade,A,N,N,N,N,N,N,N,N,N,N,N,N,N,N,N,N,N,N,N,N,N,N,N,N,N,N,N,N
440,1367,1355.0,Exceção de Suspeição,A,N,N,N,N,N,N,N,N,N,N,N,N,N,N,N,N,N,N,N,N,N,N,N,N,N,N,N,N
441,1368,1355.0,Inquérito Administrativo,A,N,N,N,N,N,N,N,N,N,N,N,N,N,N,N,N,N,N,N,N,N,N,N,N,N,N,N,N
442,1369,1355.0,Inquérito Policial,A,N,N,N,N,N,N,N,N,N,N,N,N,N,N,N,N,N,N,N,N,N,N,N,N,N,N,N,N
443,1370,1355.0,Inquérito Policial Especial,A,N,N,N,N,N,N,N,N,N,N,N,N,N,N,N,N,N,N,N,N,N,N,N,N,N,N,N,N
444,1371,1355.0,Interpelação,A,N,N,N,N,N,N,N,N,N,N,N,N,N,N,N,N,N,N,N,N,N,N,N,N,N,N,N,N
445,1372,1355.0,Liquidação de Sentença,A,N,N,N,N,N,N,N,N,N,N,N,N,N,N,N,N,N,N,N,N,N,N,N,N,N,N,N,N
446,1373,1355.0,Notificação,A,N,N,N,N,N,N,N,N,N,N,N,N,N,N,N,N,N,N,N,N,N,N,N,N,N,N,N,N
447,1374,1355.0,Pedido de Avocação,A,N,N,N,N,N,N,N,N,N,N,N,N,N,N,N,N,N,N,N,N,N,N,N,N,N,N,N,N
448,1375,1355.0,Processo Crime,A,N,N,N,N,N,N,N,N,N,N,N,N,N,N,N,N,N,N,N,N,N,N,N,N,N,N,N,N
449,1376,1355.0,Processo Judicial,A,N,N,N,N,N,N,N,N,N,N,N,N,N,N,N,N,N,N,N,N,N,N,N,N,N,N,N,N
450,1377,1355.0,Queixa Crime,A,N,N,N,N,N,N,N,N,N,N,N,N,N,N,N,N,N,N,N,N,N,N,N,N,N,N,N,N
451,1378,1355.0,Recurso de Apreensão de Livro,A,N,N,N,N,N,N,N,N,N,N,N,N,N,N,N,N,N,N,N,N,N,N,N,N,N,N,N,N
452,1379,1355.0,Recurso de Liquidação de Sentença,A,N,N,N,N,N,N,N,N,N,N,N,N,N,N,N,N,N,N,N,N,N,N,N,N,N,N,N,N
453,1380,1355.0,Recurso de Revista,A,N,N,N,N,N,N,N,N,N,N,N,N,N,N,N,N,N,N,N,N,N,N,N,N,N,N,N,N
454,1381,1355.0,Representação,A,N,N,N,N,N,N,N,N,N,N,N,N,N,N,N,N,N,N,N,N,N,N,N,N,N,N,N,N
455,1382,1355.0,Retificação de Nome Estrangeiro,A,N,N,N,N,N,N,N,N,N,N,N,N,N,N,N,N,N,N,N,N,N,N,N,N,N,N,N,N
456,1383,1355.0,Sentença Arbitral,A,N,N,N,N,N,N,N,N,N,N,N,N,N,N,N,N,N,N,N,N,N,N,N,N,N,N,N,N
457,1384,1355.0,Suspensão de Direitos,A,N,N,N,N,N,N,N,N,N,N,N,N,N,N,N,N,N,N,N,N,N,N,N,N,N,N,N,N
458,1385,547.0,Seção Cível,A,N,N,N,N,N,N,N,N,N,N,N,N,N,N,N,N,N,N,N,N,N,N,N,N,N,N,N,N
459,1386,1385.0,Processo de Conhecimento,A,N,N,N,N,N,N,N,N,N,N,N,N,N,N,N,N,N,N,N,N,N,N,N,N,N,N,N,N
460,1389,1386.0,Ação de Alimentos,A,N,N,N,N,N,N,N,N,N,N,N,N,N,N,N,N,N,N,N,N,N,N,N,N,N,N,N,N
461,1390,1386.0,Revisão Judicial de Decisão do Conselho Tutelar,A,N,N,N,N,N,N,N,N,N,N,N,N,N,N,N,N,N,N,N,N,N,N,N,N,N,N,N,N
462,1391,1386.0,Apuração de Irregularidades em Entidades de Atendimento,A,N,N,N,N,N,N,N,N,N,N,N,N,N,N,N,N,N,N,N,N,N,N,N,N,N,N,N,N
463,1392,1386.0,Apuração de Infração Administrativa às Normas de Proteção à Criança ou Adolescente,A,N,N,N,N,N,N,N,N,N,N,N,N,N,N,N,N,N,N,N,N,N,N,N,N,N,N,N,N
464,1396,1386.0,Tutela Infância e Juventude,A,N,N,N,N,N,N,N,N,N,N,N,N,N,N,N,N,N,N,N,N,N,N,N,N,N,N,N,N
465,1399,1386.0,Tutela c/c Destituição do Poder Familiar,A,N,N,N,N,N,N,N,N,N,N,N,N,N,N,N,N,N,N,N,N,N,N,N,N,N,N,N,N
466,1401,1386.0,Adoção,A,N,N,N,N,N,N,N,N,N,N,N,N,N,N,N,N,N,N,N,N,N,N,N,N,N,N,N,N
467,1412,1386.0,Adoção c/c Destituição do Poder Familiar,A,N,N,N,N,N,N,N,N,N,N,N,N,N,N,N,N,N,N,N,N,N,N,N,N,N,N,N,N
468,1414,1386.0,Suprimento de Capacidade ou de Consentimento para Casar,A,N,N,N,N,N,N,N,N,N,N,N,N,N,N,N,N,N,N,N,N,N,N,N,N,N,N,N,N
469,1415,1386.0,Emancipação,A,N,N,N,N,N,N,N,N,N,N,N,N,N,N,N,N,N,N,N,N,N,N,N,N,N,N,N,N
470,1417,1386.0,Regularização de Registro Civil,A,N,N,N,N,N,N,N,N,N,N,N,N,N,N,N,N,N,N,N,N,N,N,N,N,N,N,N,N
471,1420,1386.0,Guarda,A,N,N,N,N,N,N,N,N,N,N,N,N,N,N,N,N,N,N,N,N,N,N,N,N,N,N,N,N
472,1424,1386.0,Providência ,A,N,N,N,N,N,N,N,N,N,N,N,N,N,N,N,N,N,N,N,N,N,N,N,N,N,N,N,N
473,1425,1386.0,Prestação de Contas Infância e Juventude,A,N,N,N,N,N,N,N,N,N,N,N,N,N,N,N,N,N,N,N,N,N,N,N,N,N,N,N,N
474,1426,1386.0,Perda ou Suspensão do Poder Familiar,A,N,N,N,N,N,N,N,N,N,N,N,N,N,N,N,N,N,N,N,N,N,N,N,N,N,N,N,N
475,1430,1385.0,Processo de Execução,A,N,N,N,N,N,N,N,N,N,N,N,N,N,N,N,N,N,N,N,N,N,N,N,N,N,N,N,N
476,1432,1430.0,Execução de Alimentos Infância e Juventude,A,N,N,N,N,N,N,N,N,N,N,N,N,N,N,N,N,N,N,N,N,N,N,N,N,N,N,N,N
477,1434,1430.0,Execução de Medida de Proteção à Criança e Adolescente,A,N,N,N,N,N,N,N,N,N,N,N,N,N,N,N,N,N,N,N,N,N,N,N,N,N,N,N,N
478,1435,1430.0,Execução de Multa,A,N,N,N,N,N,N,N,N,N,N,N,N,N,N,N,N,N,N,N,N,N,N,N,N,N,N,N,N
479,1436,1385.0,Processos Cautelares,A,N,N,N,N,N,N,N,N,N,N,N,N,N,N,N,N,N,N,N,N,N,N,N,N,N,N,N,N
480,1438,1436.0,Busca e Apreensão Infância e Juventude,A,N,N,N,N,N,N,N,N,N,N,N,N,N,N,N,N,N,N,N,N,N,N,N,N,N,N,N,N
481,1440,1436.0,Cautelar Inominada Infância e Juventude,A,N,N,N,N,N,N,N,N,N,N,N,N,N,N,N,N,N,N,N,N,N,N,N,N,N,N,N,N
482,1450,1385.0,Cartas,A,N,N,N,N,N,N,N,N,N,N,N,N,N,N,N,N,N,N,N,N,N,N,N,N,N,N,N,N
483,1451,1450.0,Carta de Ordem Infância e Juventude,A,N,N,N,N,N,N,N,N,N,N,N,N,N,N,N,N,N,N,N,N,N,N,N,N,N,N,N,N
484,1455,1450.0,Carta Precatória Infância e Juventude,A,N,N,N,N,N,N,N,N,N,N,N,N,N,N,N,N,N,N,N,N,N,N,N,N,N,N,N,N
485,1459,547.0,Seção Infracional,A,N,N,N,N,N,N,N,N,N,N,N,N,N,N,N,N,N,N,N,N,N,N,N,N,N,N,N,N
486,1460,1459.0,Procedimentos Investigatórios,A,N,N,N,N,N,N,N,N,N,N,N,N,N,N,N,N,N,N,N,N,N,N,N,N,N,N,N,N
487,1461,1460.0,Auto de Apreensão em Flagrante,A,N,N,N,N,N,N,N,N,N,N,N,N,N,N,N,N,N,N,N,N,N,N,N,N,N,N,N,N
488,1462,1460.0,Relatório de Investigações,A,N,N,N,N,N,N,N,N,N,N,N,N,N,N,N,N,N,N,N,N,N,N,N,N,N,N,N,N
489,1463,1460.0,Boletim de Ocorrência Circunstanciada,A,N,N,N,N,N,N,N,N,N,N,N,N,N,N,N,N,N,N,N,N,N,N,N,N,N,N,N,N
490,1464,1459.0,Processo de Apuração de Ato Infracional,A,N,N,N,N,N,N,N,N,N,N,N,N,N,N,N,N,N,N,N,N,N,N,N,N,N,N,N,N
491,1465,1459.0,Execução de Medidas Sócio-Educativas,A,N,N,N,N,N,N,N,N,N,N,N,N,N,N,N,N,N,N,N,N,N,N,N,N,N,N,N,N
492,1466,1465.0,Internação com Atividades Externas,I,N,N,N,N,N,N,N,N,N,N,N,N,N,N,N,N,N,N,N,N,N,N,N,N,N,N,N,N
493,1467,1465.0,Internação sem Atividades Externas,I,N,N,N,N,N,N,N,N,N,N,N,N,N,N,N,N,N,N,N,N,N,N,N,N,N,N,N,N
494,1468,1465.0,Semiliberdade,I,N,N,N,N,N,N,N,N,N,N,N,N,N,N,N,N,N,N,N,N,N,N,N,N,N,N,N,N
495,1469,1465.0,Liberdade Assistida,I,N,N,N,N,N,N,N,N,N,N,N,N,N,N,N,N,N,N,N,N,N,N,N,N,N,N,N,N
496,1470,1465.0,Prestação de Serviços a Comunidade,I,N,N,N,N,N,N,N,N,N,N,N,N,N,N,N,N,N,N,N,N,N,N,N,N,N,N,N,N
497,1471,1465.0,Obrigação de Reparar o Dano,I,N,N,N,N,N,N,N,N,N,N,N,N,N,N,N,N,N,N,N,N,N,N,N,N,N,N,N,N
498,1472,1465.0,Advertência ,I,N,N,N,N,N,N,N,N,N,N,N,N,N,N,N,N,N,N,N,N,N,N,N,N,N,N,N,N
499,1473,1459.0,Cartas,A,N,N,N,N,N,N,N,N,N,N,N,N,N,N,N,N,N,N,N,N,N,N,N,N,N,N,N,N
500,1474,1473.0,Carta de Ordem Infracional,A,N,N,N,N,N,N,N,N,N,N,N,N,N,N,N,N,N,N,N,N,N,N,N,N,N,N,N,N
501,1478,1473.0,Carta Precatória Infracional,A,N,N,N,N,N,N,N,N,N,N,N,N,N,N,N,N,N,N,N,N,N,N,N,N,N,N,N,N
502,1669,5.0,Ação Rescisória,A,N,N,N,N,N,N,N,N,N,N,N,N,N,N,N,N,N,N,S,N,N,N,N,N,N,N,N,N
503,1670,5.0,Ação de Improbidade Administrativa,A,N,N,N,N,N,N,N,N,N,N,N,N,N,N,N,N,N,N,S,N,N,N,N,N,N,N,N,N
504,1671,5.0,Comunicação,A,N,N,N,N,N,N,N,N,N,N,N,N,N,N,N,N,N,N,S,N,N,N,N,N,N,N,N,N
505,1672,5.0,Exceção de Impedimento,A,N,N,N,N,N,N,N,N,N,N,N,N,N,N,N,N,N,N,S,N,N,N,N,N,N,N,N,N
506,1673,5.0,Exceção de Suspeição,A,N,N,N,N,N,N,N,N,N,N,N,N,N,N,N,N,N,N,S,N,N,N,N,N,N,N,N,N
507,1674,5.0,Intervenção Federal,A,N,N,N,N,N,N,N,N,N,N,N,N,N,N,N,N,N,N,S,N,N,N,N,N,N,N,N,N
508,1675,5.0,Mandado de Injunção,A,N,N,N,N,N,N,N,N,N,N,N,N,N,N,N,N,N,N,S,N,N,N,N,N,N,N,N,N
509,1677,5.0,Precatório,A,N,N,N,N,N,N,N,N,N,N,N,N,N,N,N,N,N,N,S,N,N,N,N,N,N,N,N,N
510,1678,5.0,Revisão Criminal,A,N,N,N,N,N,N,N,N,N,N,N,N,N,N,N,N,N,N,S,N,N,N,N,N,N,N,N,N
511,1679,5.0,Suspensão de Segurança,A,N,N,N,N,N,N,N,N,N,N,N,N,N,N,N,S,N,N,S,N,N,N,N,N,N,N,N,N
512,1680,1198.0,Consulta Administrativa,A,N,N,N,S,S,N,N,N,N,N,N,N,N,N,S,S,N,N,N,N,S,S,S,S,S,N,N,N
513,1682,62.0,Retificação ou Suprimento ou Restauração de Registro Civil,A,N,N,N,N,N,N,N,N,N,N,N,N,N,N,N,N,N,N,N,N,N,N,N,N,N,N,N,N
514,1683,62.0,Retificação de Registro de Imóvel,A,N,N,N,N,N,N,N,S,N,N,N,N,N,N,N,N,N,N,N,N,N,N,N,N,N,N,N,N
515,1685,1071.0,Remessa Necessária Trabalhista,A,N,N,N,N,N,N,N,N,N,N,N,N,N,N,S,S,N,N,N,N,N,N,N,N,N,N,N,N
516,1689,207.0,Embargos de Declaração Cível,A,S,S,S,S,S,S,S,S,S,S,S,N,S,S,S,S,N,S,S,N,N,N,N,S,S,N,N,N
517,1690,1386.0,Ação Civil Pública Infância e Juventude,A,N,N,N,N,N,N,N,N,N,N,N,N,N,N,N,N,N,N,N,N,N,N,N,N,N,N,N,N
518,1691,1386.0,Mandado de Segurança Infância e Juventude,A,S,N,N,N,N,N,N,N,N,N,N,N,N,N,N,N,N,N,N,N,N,N,N,N,N,N,N,N
519,1701,237.0,Nomeação de Advogado,A,N,S,N,S,N,S,N,S,N,N,N,N,N,N,N,N,N,N,N,N,N,N,N,S,N,N,N,N
520,1702,215.0,Impugnação de Assistência Judiciária,I,S,N,N,S,S,N,N,S,S,N,N,N,N,N,N,N,N,N,N,N,N,N,N,S,S,N,N,N
521,1703,1386.0,Autorização judicial,A,N,N,N,N,N,N,N,N,N,N,N,N,N,N,N,N,N,N,N,N,N,N,N,N,N,N,N,N
522,1704,1386.0,Embargos de Terceiro Infância e Juventude,A,N,N,N,N,N,N,N,N,N,N,N,N,N,N,N,N,N,N,N,N,N,N,N,N,N,N,N,N
523,1705,1386.0,"Remoção, modificação  e dispensa de tutor ou curador",A,N,N,N,N,N,N,N,N,N,N,N,N,N,N,N,N,N,N,N,N,N,N,N,N,N,N,N,N
524,1706,1386.0,Procedimento Comum Infância e Juventude,A,N,N,N,N,N,N,N,N,N,N,N,N,N,N,N,N,N,N,N,N,N,N,N,N,N,N,N,N
525,1707,27.0,Reintegração / Manutenção de Posse,A,N,S,N,N,N,N,N,S,N,N,N,N,N,S,N,N,N,N,N,N,N,N,N,N,N,N,N,N
526,1709,27.0,Interdito Proibitório,A,N,S,N,N,N,N,N,S,N,N,N,N,N,S,N,N,N,N,N,N,N,N,N,N,N,N,N,N
527,1710,292.0,Mandado de Segurança Criminal,A,S,N,S,S,S,N,N,S,S,N,N,N,N,N,N,N,N,N,N,N,N,S,S,S,S,S,S,S
528,1711,412.0,Agravo de Instrumento em Recurso Especial,A,S,N,N,N,S,N,N,N,S,N,N,N,N,N,N,N,N,N,N,N,N,N,N,N,S,S,S,S
529,1712,412.0,Agravo de Instrumento em Recurso Extraordinário,I,S,N,S,N,S,N,N,N,S,N,S,N,N,N,N,N,N,N,N,N,N,N,S,N,S,N,N,N
530,1714,385.0,Execução Provisória,I,S,N,N,S,S,N,N,S,S,N,N,N,N,N,N,N,N,N,N,N,N,S,S,S,S,S,S,S
531,1715,316.0,Embargos do Acusado,A,N,N,N,S,S,N,N,S,N,N,N,N,N,N,N,N,N,N,N,N,N,S,S,S,S,S,S,S
532,1717,316.0,Alienação de Bens do Acusado,A,N,N,N,S,S,N,N,S,N,N,N,N,N,N,N,N,N,S,S,N,N,S,S,S,S,S,S,S
533,1719,331.0,Avaliação para atestar dependência de drogas,A,S,S,N,N,N,N,N,S,S,S,N,N,N,N,N,N,N,N,N,N,N,N,N,N,N,S,S,S
534,1720,5.0,Habeas Corpus,A,N,N,N,N,N,N,N,N,N,N,N,N,N,N,N,N,N,N,S,N,N,N,N,N,N,N,N,N
535,1721,5.0,Recurso Ordinário em Mandado de Segurança,A,N,N,N,N,N,N,N,N,N,N,N,N,N,N,N,S,N,N,S,N,N,N,N,N,N,N,N,N
536,1722,5.0,Recurso Ordinário em Habeas Corpus,A,N,N,N,N,N,N,N,N,N,N,N,N,N,N,N,N,N,N,S,N,N,N,N,N,N,N,N,N
537,1723,175.0,Contraprotesto Judicial,I,S,N,N,S,S,N,N,S,S,N,N,N,N,S,S,S,N,N,N,N,N,N,N,S,S,N,N,N
538,1725,175.0,Notificação,I,S,N,N,S,S,N,N,S,S,N,N,N,N,S,S,S,N,N,N,N,N,N,N,S,S,N,N,N
539,1726,175.0,Interpelação,I,S,N,N,S,S,N,N,S,S,N,N,N,N,S,S,S,N,N,N,N,N,N,N,S,S,N,N,N
540,1727,268.0,Petição Criminal,A,S,S,S,S,S,N,N,S,S,S,S,S,S,N,N,N,N,N,S,N,N,S,S,S,S,S,S,S
541,1728,197.0,Apelação / Remessa Necessária,A,S,N,N,N,S,N,N,N,S,N,N,N,N,N,N,N,N,N,N,N,N,N,N,N,S,N,N,N
542,1729,412.0,Agravo Regimental Criminal,A,S,N,N,N,S,N,N,N,S,N,N,N,N,N,N,N,N,N,S,N,N,N,S,N,S,S,S,S
543,1730,412.0,Recurso Ordinário Criminal,A,N,N,N,N,N,N,N,N,N,N,N,N,N,N,N,N,N,N,N,N,N,N,N,N,N,S,S,S
544,1731,277.0,Investigação contra magistrado,A,S,N,N,N,N,N,N,N,S,N,N,N,N,N,N,N,N,N,S,N,N,N,N,N,N,S,S,S
545,1733,277.0,Procedimento Investigatório Criminal (PIC-MP) ,A,S,S,N,S,S,N,N,S,S,S,N,N,N,N,N,N,N,N,N,N,N,S,N,S,S,S,S,S
546,10933,1386.0,Habilitação para Adoção,A,N,N,N,N,N,N,N,N,N,N,N,N,N,N,N,N,N,N,N,N,N,N,N,N,N,N,N,N
547,10942,197.0,Correição Parcial Cível,A,S,N,S,N,S,N,N,N,S,N,S,N,N,N,N,N,N,N,N,S,N,N,N,N,S,N,N,N
548,10943,281.0,Ação Penal - Procedimento Sumário,A,S,N,N,N,N,N,N,S,S,N,N,N,N,N,N,N,N,N,N,N,N,N,N,N,N,S,S,S
549,10944,281.0,Ação Penal - Procedimento Sumaríssimo,A,S,S,N,N,N,N,N,S,S,S,N,N,N,N,N,N,N,N,N,N,N,N,N,N,N,S,S,S
550,10960,1459.0,Incidente de Sanidade Mental,A,N,N,N,N,N,N,N,N,N,N,N,N,N,N,N,N,N,N,N,N,N,N,N,N,N,N,N,N
551,10967,308.0,Medidas Protetivas - Estatuto do Idoso Criminal ,A,S,S,N,N,N,N,N,N,N,N,N,N,N,N,N,N,N,S,S,N,N,N,N,N,N,S,S,S
552,10969,1385.0,Incidentes,A,N,N,N,N,N,N,N,N,N,N,N,N,N,N,N,N,N,N,N,N,N,N,N,N,N,N,N,N
553,10970,10969.0,Conflito de Competência Infância e Juventude,A,S,N,N,N,N,N,N,N,N,N,N,N,N,N,N,N,N,N,N,N,N,N,N,N,N,N,N,N
554,10971,10969.0,Exceções,I,N,N,N,N,N,N,N,N,N,N,N,N,N,N,N,N,N,N,N,N,N,N,N,N,N,N,N,N
555,10972,10969.0,Exibição de Documento ou Coisa Infância e Juventude,A,S,N,N,N,N,N,N,N,N,N,N,N,N,N,N,N,N,N,N,N,N,N,N,N,N,N,N,N
556,10973,10969.0,Impugnação ao Valor da Causa Infância e Juventude,A,S,N,N,N,N,N,N,N,N,N,N,N,N,N,N,N,N,N,N,N,N,N,N,N,N,N,N,N
557,10974,10969.0,Incidente de Falsidade Infância e Juventude,A,S,N,N,N,N,N,N,N,N,N,N,N,N,N,N,N,N,N,N,N,N,N,N,N,N,N,N,N
558,10975,10971.0,Exceção de Impedimento Infância e Juventude,I,S,N,N,N,N,N,N,N,N,N,N,N,N,N,N,N,N,N,N,N,N,N,N,N,N,N,N,N
559,10976,10971.0,Exceção de Incompetência Infância e Juventude,I,S,N,N,N,N,N,N,N,N,N,N,N,N,N,N,N,N,N,N,N,N,N,N,N,N,N,N,N
560,10977,10971.0,Exceção de Suspeição Infância e Juventude,I,S,N,N,N,N,N,N,N,N,N,N,N,N,N,N,N,N,N,N,N,N,N,N,N,N,N,N,N
561,10979,1459.0,Petição Infracional,A,S,N,N,N,N,N,N,N,N,N,N,N,N,N,N,N,N,N,N,N,N,N,N,N,N,N,N,N
562,10980,155.0,Cumprimento Provisório de Decisão,A,S,N,N,S,S,N,N,S,S,N,N,N,N,N,N,N,N,N,N,N,N,N,N,S,S,S,S,N
563,10981,155.0,Impugnação ao Cumprimento  de Decisão,I,S,N,N,S,S,N,N,S,S,N,N,N,N,N,N,N,N,N,N,N,N,N,N,S,S,N,N,N
564,11026,1385.0,Petição Infância e Juventude Cível,A,S,N,N,N,N,N,N,N,N,N,N,N,N,N,N,N,N,N,N,N,N,N,N,N,N,N,N,N
565,11027,1071.0,Remessa Necessária / Recurso Ordinário,A,N,N,N,N,N,N,N,N,N,N,N,N,N,N,S,S,N,N,N,N,N,N,N,N,N,N,N,N
566,11028,,PROCESSO MILITAR,A,N,N,N,N,N,N,N,N,N,N,N,N,N,N,N,N,N,N,N,N,N,N,N,N,N,N,N,N
567,11029,11028.0,PROCEDIMENTOS ESPECIAIS PREVISTOS EM LEIS ESPARSAS,A,N,N,N,N,N,N,N,N,N,N,N,N,N,N,N,N,N,N,N,N,N,N,N,N,N,N,N,N
568,11030,11028.0,PROCESSO CRIMINAL,A,N,N,N,N,N,N,N,N,N,N,N,N,N,N,N,N,N,N,N,N,N,N,N,N,N,N,N,N
569,11031,11030.0,Procedimento Especial,A,N,N,N,N,N,N,N,N,N,N,N,N,N,N,N,N,N,N,N,N,N,N,N,N,N,N,N,N
570,11032,11030.0,Procedimentos Investigatórios,A,N,N,N,N,N,N,N,N,N,N,N,N,N,N,N,N,N,N,N,N,N,N,N,N,N,N,N,N
571,11033,11030.0,Recursos,A,N,N,N,N,N,N,N,N,N,N,N,N,N,N,N,N,N,N,N,N,N,N,N,N,N,N,N,N
572,11034,11029.0,Conselho de Justificação ,A,N,N,N,N,S,N,N,N,N,N,N,N,N,N,N,N,N,N,N,N,N,N,S,N,S,N,N,N
573,11035,11029.0,Representação p/ Declaração de Indignidade/Incompatibilidade ,A,N,N,N,N,S,N,N,N,N,N,N,N,N,N,N,N,N,N,N,N,N,N,S,N,S,N,N,N
574,11036,11029.0,Representação p/ Perda da Graduação ,A,N,N,N,N,S,N,N,N,N,N,N,N,N,N,N,N,N,N,N,N,N,N,N,N,S,N,N,N
575,11037,11030.0,Ação Penal Militar - Procedimento Ordinário,A,N,N,N,S,S,N,N,N,N,N,N,N,N,N,N,N,N,N,N,N,N,S,S,S,S,N,N,N
576,11038,11033.0,Embargos em Ação Penal Militar,A,N,N,N,N,S,N,N,N,N,N,N,N,N,N,N,N,N,N,N,N,N,N,S,N,S,N,N,N
577,11039,11033.0,Reclamação Militar,A,N,N,N,N,S,N,N,N,S,N,N,N,N,N,N,N,N,N,N,N,N,N,S,N,S,N,N,N
578,11040,11033.0,Recurso Inominado Militar,A,N,N,N,N,S,N,N,N,N,N,N,N,N,N,N,N,N,N,N,N,N,N,S,N,S,N,N,N
579,11041,11032.0,Inquérito Policial Militar,A,N,N,N,S,S,N,N,N,N,N,N,N,N,N,N,N,N,N,N,N,N,S,S,S,S,N,N,N
580,11042,11031.0,Correição Parcial Militar,A,N,N,N,N,S,N,N,N,N,N,N,N,N,N,N,N,N,N,N,N,N,N,S,N,S,N,N,N
581,11043,11031.0,Deserção,A,N,N,N,N,N,N,N,N,N,N,N,N,N,N,N,N,N,N,N,N,N,N,N,N,N,N,N,N
582,11044,11031.0,Insubmissão,A,N,N,N,N,N,N,N,N,N,N,N,N,N,N,N,N,N,N,N,N,N,S,N,N,N,N,N,N
583,11045,11043.0,Deserção de Oficial,A,N,N,N,S,S,N,N,N,N,N,N,N,N,N,N,N,N,N,N,N,N,S,S,S,S,N,N,N
584,11046,11043.0,Deserção de Praça,A,N,N,N,S,N,N,N,N,N,N,N,N,N,N,N,N,N,N,N,N,N,S,N,S,N,N,N,N
585,11099,,PROCEDIMENTOS PRÉ-PROCESSUAIS DE RESOLUÇÃO CONSENSUAL DE CONFLITOS,A,N,N,N,N,N,N,N,N,N,N,N,N,N,N,N,N,N,N,N,N,N,N,N,N,N,N,N,N
586,11397,62.0,Extinção das obrigações do falido,A,N,N,N,N,N,N,N,N,N,N,N,N,N,N,N,N,N,N,N,N,N,N,N,N,N,N,N,N
587,11398,412.0,Recurso em sentido estrito/Recurso ex officio,A,S,N,S,N,S,N,N,S,S,N,S,N,N,N,N,N,N,N,N,N,N,N,S,N,S,S,S,S
588,11399,385.0,Execução de Medida de Segurança,I,S,N,N,S,N,N,N,S,S,N,N,N,N,N,N,N,N,N,N,N,N,S,N,S,N,S,S,S
589,11400,1209.0,Agravo de Instrumento em Recurso Ordinário para o STF,A,N,N,N,N,N,N,N,N,N,N,N,N,N,N,N,S,N,N,N,N,N,N,N,N,N,N,N,N
590,11427,,PROCESSO ELEITORAL,A,N,N,N,N,N,N,N,N,N,N,N,N,N,N,N,N,N,N,N,N,N,N,N,N,N,S,S,S
591,11525,11427.0,Processos Cíveis-Eleitorais,A,N,N,N,N,N,N,N,N,N,N,N,N,N,N,N,N,N,N,N,N,N,N,N,N,N,S,S,S
592,11526,11525.0,Ação de Impugnação de Mandato Eletivo,A,N,N,N,N,N,N,N,N,N,N,N,N,N,N,N,N,N,N,N,N,N,N,N,N,N,S,S,S
593,11527,11525.0,Ação de Investigação Judicial Eleitoral,A,N,N,N,N,N,N,N,N,N,N,N,N,N,N,N,N,N,N,N,N,N,N,N,N,N,S,S,S
594,11528,11427.0,Ação Penal Eleitoral,A,N,N,N,N,N,N,N,N,N,N,N,N,N,N,N,N,N,N,N,N,N,N,N,N,N,S,S,S
595,11529,11427.0,Procedimentos Relativos a Realização de Eleição,A,N,N,N,N,N,N,N,N,N,N,N,N,N,N,N,N,N,N,N,N,N,N,N,N,N,S,S,S
596,11530,11529.0,Apuração de Eleição,A,N,N,N,N,N,N,N,N,N,N,N,N,N,N,N,N,N,N,N,N,N,N,N,N,N,S,S,S
597,11531,11529.0,Prestação de Contas,I,N,N,N,N,N,N,N,N,N,N,N,N,N,N,N,N,N,N,N,N,N,N,N,N,N,S,S,S
598,11532,11529.0,Registro de Candidatura,A,N,N,N,N,N,N,N,N,N,N,N,N,N,N,N,N,N,N,N,N,N,N,N,N,N,S,S,S
599,11533,11529.0,Recurso contra Expedição de Diploma,A,N,N,N,N,N,N,N,N,N,N,N,N,N,N,N,N,N,N,N,N,N,N,N,N,N,N,S,S
600,11534,11427.0,Procedimentos Relativos a Partidos Políticos,A,N,N,N,N,N,N,N,N,N,N,N,N,N,N,N,N,N,N,N,N,N,N,N,N,N,N,S,S
601,11535,11534.0,Cancelamento de Registro de Partido Político,A,N,N,N,N,N,N,N,N,N,N,N,N,N,N,N,N,N,N,N,N,N,N,N,N,N,N,N,S
602,11536,11534.0,Propaganda Partidária,I,N,N,N,N,N,N,N,N,N,N,N,N,N,N,N,N,N,N,N,N,N,N,N,N,N,N,S,S
603,11537,11534.0,Registro de Órgão de Partido Político em Formação,A,N,N,N,N,N,N,N,N,N,N,N,N,N,N,N,N,N,N,N,N,N,N,N,N,N,N,S,N
604,11538,11529.0,Registro de Comitê Financeiro,I,N,N,N,N,N,N,N,N,N,N,N,N,N,N,N,N,N,N,N,N,N,N,N,N,N,S,S,S
605,11539,11534.0,Registro de Partido Político,A,N,N,N,N,N,N,N,N,N,N,N,N,N,N,N,N,N,N,N,N,N,N,N,N,N,N,N,S
606,11540,11427.0,Procedimentos Administrativos da Justiça Eleitoral,A,N,N,N,N,N,N,N,N,N,N,N,N,N,N,N,N,N,N,N,N,N,N,N,N,N,N,S,S
607,11541,11529.0,Representação,A,N,N,N,N,N,N,N,N,N,N,N,N,N,N,N,N,N,N,N,N,N,N,N,N,N,S,S,S
608,11542,11540.0,Correição,A,N,N,N,N,N,N,N,N,N,N,N,N,N,N,N,N,N,N,N,N,N,N,N,N,N,N,S,N
609,11543,11540.0,Criação de Zona Eleitoral ou Remanejamento,A,N,N,N,N,N,N,N,N,N,N,N,N,N,N,N,N,N,N,N,N,N,N,N,N,N,N,S,S
610,11544,11540.0,Instrução,A,N,N,N,N,N,N,N,N,N,N,N,N,N,N,N,N,N,N,N,N,N,N,N,N,N,N,S,S
611,11545,11540.0,Lista Tríplice,A,N,N,N,N,N,N,N,N,N,N,N,N,N,N,N,N,N,N,N,N,N,N,N,N,N,N,N,S
612,11546,11540.0,Revisão de Eleitorado,A,N,N,N,N,N,N,N,N,N,N,N,N,N,N,N,N,N,N,N,N,N,N,N,N,N,S,S,S
613,11547,11427.0,Recursos Eleitorais,A,N,N,N,N,N,N,N,N,N,N,N,N,N,N,N,N,N,N,N,N,N,N,N,N,N,N,S,S
614,11548,11547.0,Recurso Eleitoral,A,N,N,N,N,N,N,N,N,N,N,N,N,N,N,N,N,N,N,N,N,N,N,N,N,N,N,S,N
615,11549,11547.0,Recurso Especial Eleitoral,A,N,N,N,N,N,N,N,N,N,N,N,N,N,N,N,N,N,N,N,N,N,N,N,N,N,N,N,S
616,11550,11547.0,Recurso Ordinário Eleitoral,A,N,N,N,N,N,N,N,N,N,N,N,N,N,N,N,N,N,N,N,N,N,N,N,N,N,N,N,S
617,11551,11427.0,Consulta,A,N,N,N,N,N,N,N,N,N,N,N,N,N,N,N,N,N,N,N,N,N,N,N,N,N,N,S,S
618,11552,11427.0,Pedido de Desaforamento,A,N,N,N,N,N,N,N,N,N,N,N,N,N,N,N,N,N,N,N,N,N,N,N,N,N,N,S,S
619,11553,11043.0,Instrução Provisória de Deserção,I,N,N,N,S,S,N,N,N,N,N,N,N,N,N,N,N,N,N,N,N,N,N,N,S,S,N,N,N
620,11555,62.0,Suspensão de Liminar e de Sentença,A,S,N,N,N,S,N,N,N,S,N,N,N,N,N,S,S,N,N,N,N,N,N,S,N,S,N,S,S
621,11556,62.0,Suspensão de Segurança Cível,A,S,N,S,N,S,N,N,N,S,N,S,N,N,N,S,S,N,N,N,N,N,N,S,N,S,N,S,S
622,11787,331.0,Assistência Judiciária,I,S,S,S,S,S,N,N,S,S,N,N,N,N,N,N,N,N,N,N,N,N,N,N,S,S,N,N,N
623,11788,331.0,Exibição de Documento ou Coisa Criminal,A,S,N,N,S,S,N,N,S,S,N,N,N,N,N,N,N,N,N,N,N,N,N,N,S,S,S,S,S
624,11789,331.0,Impugnação ao Valor da Causa,I,S,N,N,S,S,N,N,S,S,N,N,N,N,N,N,N,N,N,N,N,N,N,N,S,S,N,N,N
625,11790,331.0,Impugnação de Assistência Judiciária,I,S,N,N,S,S,N,N,S,S,N,N,N,N,N,N,N,N,N,N,N,N,N,N,S,S,N,N,N
626,11791,331.0,Pedido de Uniformização de Interpretação de Lei Criminal,A,N,N,N,N,N,N,S,N,N,N,S,S,S,N,N,N,N,N,S,N,N,N,N,N,N,N,N,N
627,11793,308.0,Produção Antecipada de Provas Criminal,A,S,N,N,S,S,N,N,S,S,N,N,N,N,N,N,N,N,N,N,N,N,S,N,S,S,S,S,S
628,11794,1459.0,Restituição de Coisas Apreendidas Infracional,A,S,N,N,N,N,N,N,N,N,N,N,N,N,N,N,N,N,N,N,N,N,N,N,N,N,N,N,N
629,11798,285.0,Processo de Aplicação de Medida de Segurança Por Fato Não Criminoso,A,N,N,N,N,N,N,N,S,N,N,N,N,N,N,N,N,N,N,N,N,N,N,N,N,N,S,S,S
630,11799,11032.0,Instrução Provisória de Insubmissão,A,N,N,N,S,N,N,N,N,N,N,N,N,N,N,N,N,N,N,N,N,N,S,N,S,N,N,N,N
631,11800,11032.0,Instrução Provisória de Deserção,A,N,N,N,S,N,N,N,N,N,N,N,N,N,N,N,N,N,N,N,N,N,S,N,S,N,N,N,N
632,11875,11099.0,Reclamação Pré-processual,A,S,S,N,N,N,S,N,S,S,S,N,N,N,S,S,S,N,N,N,N,N,N,N,N,N,N,N,N
633,11880,1310.0,Recurso Extraordinário com Agravo,A,N,N,N,N,N,N,N,N,N,N,N,N,N,N,N,N,N,S,N,N,N,N,N,N,N,N,N,N
634,11881,5.0,Agravo em Recurso Especial,A,N,N,N,N,N,N,N,N,N,N,N,N,N,N,N,N,N,N,S,N,N,N,N,N,N,N,N,N
635,11882,1071.0,Recurso de Revista com Agravo,A,N,N,N,N,N,N,N,N,N,N,N,N,N,N,N,S,N,N,N,N,N,N,N,N,N,N,N,N
636,11886,1071.0,Recurso Ordinário - Rito Sumaríssimo,A,N,N,N,N,N,N,N,N,N,N,N,N,N,N,S,S,N,N,N,N,N,N,N,N,N,N,N,N
637,11887,1198.0,Acompanhamento de Cumprimento de Decisão,A,N,N,N,N,N,N,N,N,N,N,N,N,N,N,N,N,N,N,N,N,S,N,N,N,N,N,N,N
638,11888,1198.0,Ato Normativo,A,N,N,N,N,N,N,N,N,N,N,N,N,N,N,N,N,N,N,N,N,S,N,N,N,N,N,N,N
639,11889,1198.0,Nota Técnica,A,N,N,N,N,N,N,N,N,N,N,N,N,N,N,N,N,N,N,N,N,S,N,N,N,N,N,N,N
640,11890,1198.0,Parecer de Mérito sobre Anteprojeto de Lei,A,N,N,N,N,N,N,N,N,N,N,N,N,N,N,N,N,N,N,N,N,S,N,N,N,N,N,N,N
641,11891,1198.0,Procedimento de Controle Administrativo,A,N,N,N,N,N,N,N,N,N,N,N,N,N,N,N,N,N,N,N,N,S,N,N,N,N,N,N,N
642,11892,1198.0,Revisão Disciplinar,A,N,N,N,N,N,N,N,N,N,N,N,N,N,N,N,N,N,N,N,N,S,N,N,N,N,N,N,N
643,11893,1198.0,Reclamação para Garantia das Decisões,A,N,N,N,N,N,N,N,N,N,N,N,N,N,N,N,N,N,N,N,N,S,N,N,N,N,N,N,N
644,11894,1198.0, Comissão,A,N,N,N,N,N,N,N,N,N,N,N,N,N,N,N,N,N,N,N,N,S,N,N,N,N,N,N,N
645,11953,1198.0,Arguição de Suspeição e de Impedimento,A,N,N,N,N,N,N,N,N,N,N,N,N,N,N,N,N,N,N,N,N,S,N,N,N,N,N,N,N
646,11955,308.0,Cautelar Inominada Criminal,A,S,S,S,N,N,N,N,S,S,S,S,N,N,N,N,N,N,N,S,N,N,N,N,N,N,S,S,S
647,11956,5.0,Embargos de Divergência em Agravo em Recurso Especial,I,N,N,N,N,N,N,N,N,N,N,N,N,N,N,N,N,N,N,S,N,N,N,N,N,N,N,N,N
648,11957,406.0,Remição de Pena,I,S,N,N,N,N,N,N,S,S,S,N,N,N,N,N,N,N,N,N,N,N,N,N,N,N,S,S,S
649,11976,1460.0,Pedido de Busca e Apreensão Infracional,I,N,N,N,N,N,N,N,N,N,N,N,N,N,N,N,N,N,N,N,N,N,N,N,N,N,N,N,N
650,12057,11547.0,Reexame Necessário Eleitoral,A,N,N,N,N,N,N,N,N,N,N,N,N,N,N,N,N,N,N,N,N,N,N,N,N,N,N,N,N
651,12059,11525.0,Suspensão de Segurança - Eleitoral,A,N,N,N,N,N,N,N,N,N,N,N,N,N,N,N,N,N,N,N,N,N,N,N,N,N,S,S,S
652,12060,11525.0,Exceção,A,N,N,N,N,N,N,N,N,N,N,N,N,N,N,N,N,N,N,N,N,N,N,N,N,N,S,S,S
653,12061,11525.0,Ação Cautelar,A,N,N,N,N,N,N,N,N,N,N,N,N,N,N,N,N,N,N,N,N,N,N,N,N,N,S,S,S
654,12070,1386.0,Pedido de Medida de Proteção,A,S,N,N,N,N,N,N,S,S,N,N,N,N,N,N,N,N,N,N,N,N,N,N,N,N,N,N,N
655,12071,1459.0,Procedimentos Cautelares,A,S,N,N,N,N,N,N,S,S,N,N,N,N,N,N,N,N,N,N,N,N,N,N,N,N,N,N,N
656,12072,12071.0,Busca e Apreensão Infracional,A,S,N,N,N,N,N,N,S,S,N,N,N,N,N,N,N,N,N,N,N,N,N,N,N,N,N,N,N
657,12073,12071.0,Internação Provisória,A,S,N,N,N,N,N,N,S,S,N,N,N,N,N,N,N,N,N,N,N,N,N,N,N,N,N,N,N
658,12074,12071.0,Pedido De Desinternação/Reavaliação/Substituição/Suspensão da Medida,A,S,N,N,N,N,N,N,S,S,N,N,N,N,N,N,N,N,N,N,N,N,N,N,N,N,N,N,N
659,12075,215.0,Procedimento Conciliatório,A,S,N,N,N,N,N,N,S,S,N,N,N,N,S,S,N,N,N,N,N,N,N,N,N,N,N,N,N
660,12076,1386.0,Restabelecimento do Poder Familiar,A,N,N,N,N,N,N,N,N,N,N,N,N,N,N,N,N,N,N,N,N,N,N,N,N,N,N,N,N
661,12077,331.0,Homologação em Acordo de Colaboração Premiada,A,S,N,N,N,N,N,N,S,S,N,N,N,N,N,N,N,N,N,N,N,N,N,N,N,N,S,S,S
662,12078,155.0,Cumprimento de Sentença contra a Fazenda Pública,A,S,N,N,N,N,S,N,S,S,S,N,N,N,N,N,N,N,N,N,N,N,N,N,N,N,N,N,N
663,12079,159.0,Execução de Título Extrajudicial contra a Fazenda Pública,A,S,N,N,N,N,N,N,S,S,N,N,N,N,N,N,N,N,N,N,N,N,N,N,N,N,N,N,N
664,12080,215.0,Incidente de Impedimento Cível,A,S,S,S,S,S,S,S,S,S,S,S,S,S,N,N,N,N,N,N,S,N,N,N,S,S,N,N,N
665,12081,215.0,Incidente de Suspeição Cível,A,S,S,S,S,S,S,S,S,S,S,S,S,S,N,N,N,N,N,N,S,N,N,N,S,S,N,N,N
666,12082,257.0,Carta Arbitral,A,S,N,N,N,N,N,N,S,S,N,N,N,N,N,N,N,N,N,N,N,N,N,N,N,N,N,N,N
667,12083,175.0,Tutela Antecipada Antecedente,I,S,N,N,N,N,N,N,S,S,N,N,N,N,N,N,N,N,N,N,N,N,N,N,N,N,N,N,N
668,12084,175.0,Tutela Cautelar Antecedente,I,S,N,N,N,N,N,N,S,S,N,N,N,N,N,N,N,N,N,N,N,N,N,N,N,N,N,N,N
669,12085,215.0,Incidente de Resolução de Demandas Repetitivas,A,S,N,N,N,S,N,N,N,S,N,N,N,N,N,S,S,N,S,S,N,N,N,N,N,S,N,N,N
670,12086,27.0,Dissolução Parcial de Sociedade,A,S,N,N,N,N,N,N,S,S,N,N,N,N,N,N,N,N,N,N,N,N,N,N,N,N,N,N,N
671,12087,215.0,Incidente de Assunção de Competência,A,S,N,N,N,S,N,N,N,S,N,N,N,N,N,S,N,N,S,N,N,N,N,N,N,S,N,N,N
672,12088,150.0,Liquidação Provisória de Sentença pelo Procedimento Comum,I,S,N,N,N,N,N,N,S,S,N,N,N,N,N,N,N,N,N,N,N,N,N,N,N,N,N,N,N
673,12089,406.0,Renovação de Permanência em Estabelecimento Penal Federal,I,N,N,N,N,N,N,N,S,N,N,N,N,N,N,N,N,N,N,N,N,N,N,N,N,N,S,S,S
674,12117,1310.0,Suspensão do Incidente de Resolução de Demandas Repetitivas,A,N,N,N,N,N,N,N,N,N,N,N,N,N,N,N,N,N,S,N,N,N,N,N,N,N,N,N,N
675,12118,5.0,Suspensão em Incidente de Resolução de Demandas Repetitivas,A,N,N,N,N,N,N,N,N,N,N,N,N,N,N,N,S,N,N,S,N,N,N,N,N,N,N,N,N
676,12119,215.0,Incidente de Desconsideração de Personalidade Jurídica,A,S,S,S,N,N,S,N,S,S,S,S,N,N,S,S,S,N,S,S,N,N,N,N,N,N,N,N,N
677,12120,1459.0,Agravo em Execução de Medidas Sócio-Educativas,A,N,N,N,N,N,N,N,N,N,N,N,N,N,N,N,N,N,N,N,N,N,N,N,N,N,N,N,N
678,12121,277.0,Auto de Prisão,A,S,S,N,S,S,N,N,S,S,S,N,N,N,N,N,N,N,S,S,N,N,S,S,S,S,S,S,S
679,12122,292.0,Reclamação Criminal,A,S,N,S,N,S,N,N,N,S,N,S,N,N,N,N,N,N,S,S,N,N,N,S,N,S,S,S,S
680,12123,406.0,Roteiro de Pena,I,N,N,N,S,N,N,N,S,N,N,N,N,N,N,N,N,N,N,N,N,N,S,N,S,N,S,S,S
681,12125,406.0,Progressão de Regime,I,N,N,N,N,N,N,N,S,N,N,N,N,N,N,N,N,N,N,N,N,N,S,N,S,N,S,S,S
682,12126,406.0,Regressão de Regime,I,N,N,N,S,N,N,N,S,N,N,N,N,N,N,N,N,N,N,N,N,N,S,N,S,N,S,S,S
683,12127,406.0,Remição,I,N,N,N,S,N,N,N,S,N,N,N,N,N,N,N,N,N,N,N,N,N,S,N,S,N,N,N,N
684,12128,406.0,Livramento Condicional,I,N,N,N,S,N,N,N,S,N,N,N,N,N,N,N,N,N,N,N,N,N,S,N,S,N,S,S,S
685,12129,406.0,Outros Incidentes de Execução Iniciados de Ofício,I,N,N,N,S,N,N,N,S,N,N,N,N,N,N,N,N,N,N,N,N,N,S,N,S,N,S,S,S
686,12132,1070.0,Incidente de Julgamento de Recurso de Revista e de Embargos Repetitivos,A,N,N,N,N,N,N,N,N,N,N,N,N,N,N,N,S,N,N,N,N,N,N,N,N,N,N,N,N
687,12133,2.0,Tutela Provisória de Urgência e Tutela Provisória de Evidência,A,S,S,S,S,S,S,S,S,S,S,S,S,S,S,S,S,S,S,S,S,S,S,S,S,S,S,S,S
688,12134,12133.0,Tutela Cautelar Antecedente,A,S,S,S,S,S,S,S,S,S,S,S,S,S,S,S,S,S,S,S,S,S,S,S,S,S,S,S,S
689,12135,12133.0,Tutela Antecipada Antecedente,A,S,S,S,S,S,S,S,S,S,S,S,S,S,S,S,S,S,S,S,S,S,S,S,S,S,S,S,S
690,12136,11099.0,Pedido de Mediação Pré-Processual,I,S,S,N,S,S,N,N,S,S,S,N,N,N,S,S,S,N,S,S,N,N,N,N,S,S,N,N,N
691,12137,62.0,Requerimento de Apreensão de Veículo,A,N,N,N,N,N,N,N,N,N,N,N,N,N,N,N,N,N,N,N,N,N,N,N,N,N,N,N,N
692,12138,62.0,Requerimento de Reintegração de Posse,A,N,N,N,N,N,N,N,N,N,N,N,N,N,N,N,N,N,N,N,N,N,N,N,N,N,N,N,N
693,12139,237.0,Contestação em Foro Diverso,A,N,N,N,S,N,N,N,S,N,N,N,N,N,N,N,N,N,N,N,N,N,N,N,S,N,N,N,N
694,12153,215.0,Embargos Parciais à Ação Monitória,A,N,N,N,N,N,N,N,S,N,N,N,N,N,N,N,N,N,N,N,N,N,N,N,N,N,N,N,N
695,12154,159.0,Execução de Título Extrajudicial,A,N,S,N,N,N,N,N,S,N,S,N,N,N,N,N,N,N,N,N,N,N,N,N,N,N,N,N,N
696,12190,1310.0,Suspensão Nacional do Incidente de Resolução de Demandas Repetitivas,I,N,N,N,N,N,N,N,N,N,N,N,N,N,N,N,N,N,S,N,N,N,N,N,N,N,N,N,N
697,12191,1310.0,Tutela Provisória Antecedente,A,N,N,N,N,N,N,N,N,N,N,N,N,N,N,N,N,N,S,N,N,N,N,N,N,N,N,N,N
698,12192,1310.0,Tutela Provisória Incidental,A,N,N,N,N,N,N,N,N,N,N,N,N,N,N,N,N,N,S,N,N,N,N,N,N,N,N,N,N
699,12193,11529.0,Prestação de Contas Eleitorais,A,N,N,N,N,N,N,N,N,N,N,N,N,N,N,N,N,N,N,N,N,N,N,N,N,N,S,S,S
700,12226,50.0,Notificação,A,S,N,N,S,S,N,N,S,S,N,N,N,N,S,S,S,N,S,S,N,N,N,N,S,S,S,S,S
701,12227,50.0,Interpelação,A,S,N,N,S,S,N,N,S,S,N,N,N,N,S,S,S,N,S,S,N,N,N,N,S,S,S,S,S
702,12228,50.0,Protesto,A,S,N,N,S,S,N,N,S,S,N,N,N,N,S,S,S,N,S,S,N,N,N,N,S,S,S,S,S
703,12229,50.0,Protesto formado a bordo,A,S,N,N,N,N,N,N,S,S,N,N,N,N,N,N,N,N,S,S,N,N,N,N,N,N,N,N,N
704,12230,1386.0,Guarda c/c destituição do poder familiar,A,S,N,N,N,N,N,N,N,N,N,N,N,N,N,N,N,N,S,S,N,N,N,N,N,N,N,N,N
705,12231,155.0,Cumprimento de sentença - Lei Arbitral (Lei 9.307/1996),A,S,N,N,N,N,N,N,N,N,N,N,N,N,N,N,N,N,N,N,N,N,N,N,N,N,N,N,N
706,12232,214.0,Ação de Partilha,I,N,N,N,N,N,N,N,N,N,N,N,N,N,N,N,N,N,N,N,N,N,N,N,N,N,N,N,N
707,12233,50.0,Tutela Cível,A,S,N,N,N,N,N,N,N,N,N,N,N,N,N,N,N,N,S,S,N,N,N,N,N,N,N,N,N
708,12234,50.0,Curatela,A,S,N,N,N,N,N,N,N,N,N,N,N,N,N,N,N,N,S,S,N,N,N,N,N,N,N,N,N
709,12246,155.0,Cumprimento de Sentença de Obrigação de Prestar Alimentos,A,S,N,N,N,N,N,N,N,N,N,N,N,N,N,N,N,N,N,N,N,N,N,N,N,N,N,N,N
710,12247,159.0,Execução Extrajudicial de Alimentos,A,S,N,N,N,N,N,N,N,N,N,N,N,N,N,N,N,N,N,N,N,N,N,N,N,N,N,N,N
711,12248,1198.0,Pedido de Cooperação Jurisdicional,A,S,N,N,N,N,N,N,N,S,N,N,N,N,N,S,S,N,S,S,N,N,N,S,N,S,N,S,S
712,12249,1310.0,Suspensão em IRDR,I,N,N,N,N,N,N,N,N,N,N,N,N,N,N,N,N,N,S,N,N,N,N,N,N,N,N,N,N
713,12250,5.0,Suspensão em IRDR,I,N,N,N,N,N,N,N,N,N,N,N,N,N,N,N,N,N,N,S,N,N,N,N,N,N,N,N,N
714,12251,1111.0,Execução de Título Judicial - CEJUSC,A,S,N,N,N,N,N,N,S,S,N,N,N,N,N,N,N,N,N,N,N,N,N,N,N,N,N,N,N
715,12357,237.0,Pedido de Efeito Suspensivo à Apelação,A,S,N,N,N,S,N,N,N,S,N,N,N,N,N,N,N,N,N,N,N,N,N,N,N,S,N,N,N
716,12369,50.0,Tomada de Decisão Apoiada,I,S,S,S,N,N,S,S,N,N,N,N,N,N,N,N,N,N,S,S,N,N,N,N,N,N,N,N,N
717,12370,62.0,Tomada de Decisão Apoiada,A,S,S,S,N,N,S,S,N,N,N,N,N,N,N,N,N,N,S,S,N,N,N,N,N,N,N,N,N
718,12371,50.0,Alteração de Regime de Bens,A,N,N,N,N,N,N,N,N,N,N,N,N,N,N,N,N,N,N,N,N,N,N,N,N,N,N,N,N
719,12372,50.0,Divórcio Consensual,A,N,N,N,N,N,N,N,N,N,N,N,N,N,N,N,N,N,N,N,N,N,N,N,N,N,N,N,N
720,12373,50.0,Divórcio Litigioso,I,N,N,N,N,N,N,N,N,N,N,N,N,N,N,N,N,N,N,N,N,N,N,N,N,N,N,N,N
721,12374,50.0,Homologação da Transação Extrajudicial,A,N,S,N,N,N,N,N,S,N,N,N,N,N,S,N,N,N,N,N,N,N,N,N,N,N,N,N,N
722,12375,27.0,Reclamação,A,S,N,N,N,N,N,N,N,S,N,N,N,N,N,S,N,N,S,S,N,N,N,N,N,S,N,S,S
723,12376,27.0,Regulação de Avaria Grossa,A,N,N,N,N,N,N,N,S,N,N,N,N,N,N,N,N,N,N,N,N,N,N,N,N,N,N,N,N
724,12377,11534.0,Prestação de Contas Anual,A,N,N,N,N,N,N,N,N,N,N,N,N,N,N,N,N,N,N,N,N,N,N,N,N,N,S,S,S
725,12386,10969.0,Incidente de Impedimento Infância e Juventude,A,N,N,N,N,N,N,N,N,N,N,N,N,N,N,N,N,N,N,N,N,N,N,N,N,N,N,N,N
726,12388,10969.0,Incidente de Suspeição Infância e Juventude,A,N,N,N,N,N,N,N,N,N,N,N,N,N,N,N,N,N,N,N,N,N,N,N,N,N,N,N,N
727,12389,62.0,Ação de Partilha,A,N,N,N,N,N,N,N,N,N,N,N,N,N,N,N,N,N,N,N,N,N,N,N,N,N,N,N,N
728,12391,1070.0,Incidente de Uniformização de Jurisprudência,A,N,N,N,N,N,N,N,N,N,N,N,N,N,N,S,S,N,N,N,N,N,N,N,N,N,N,N,N
729,12394,285.0,Revisão Criminal,A,S,N,S,N,N,N,N,N,S,N,S,N,N,N,S,N,N,N,N,N,N,N,S,N,S,S,S,S
730,12423,12071.0,Medidas Protetivas de Urgência (Lei Maria da Penha) Infracional,A,S,N,N,N,N,N,N,N,N,N,N,N,N,N,N,N,N,S,S,N,N,N,N,N,N,N,N,N
731,12424,12071.0,Medidas Protetivas - Estatuto do Idoso Infracional,A,S,N,N,N,N,N,N,N,N,N,N,N,N,N,N,N,N,S,S,N,N,N,N,N,N,N,N,N
732,12464,11427.0,Corregedoria Eleitoral,A,N,N,N,N,N,N,N,N,N,N,N,N,N,N,N,N,N,N,N,N,N,N,N,N,N,N,S,S
733,12465,12464.0,Petição Corregedoria,A,N,N,N,N,N,N,N,N,N,N,N,N,N,N,N,N,N,N,N,N,N,N,N,N,N,S,S,S
734,12466,12464.0,Inquérito Administrativo,A,N,N,N,N,N,N,N,N,N,N,N,N,N,N,N,N,N,N,N,N,N,N,N,N,N,S,S,S
735,12541,27.0,Divórcio Litigioso,A,N,N,N,N,N,N,N,N,N,N,N,N,N,N,N,N,N,S,S,N,N,N,N,N,N,N,N,N
736,12549,11540.0,Cancelamento de Inscrição Eleitoral (CIE),A,N,N,N,N,N,N,N,N,N,N,N,N,N,N,N,N,N,N,N,N,N,N,N,N,N,S,N,N
737,12550,11529.0,Composição de Mesa Receptora,A,N,N,N,N,N,N,N,N,N,N,N,N,N,N,N,N,N,N,N,N,N,N,N,N,N,S,N,N
738,12551,11540.0,Descarte de Material,I,N,N,N,N,N,N,N,N,N,N,N,N,N,N,N,N,N,N,N,N,N,N,N,N,N,N,N,N
739,12552,11427.0,Direitos Políticos,A,N,N,N,N,N,N,N,N,N,N,N,N,N,N,N,N,N,N,N,N,N,N,N,N,N,S,S,S
740,12553,11540.0,Duplicidade/Pluralidade de Inscrições - Coincidências,A,N,N,N,N,N,N,N,N,N,N,N,N,N,N,N,N,N,N,N,N,N,N,N,N,N,S,S,S
741,12554,11534.0,Filiação Partidária,A,N,N,N,N,N,N,N,N,N,N,N,N,N,N,N,N,N,N,N,N,N,N,N,N,N,S,N,N
742,12555,11529.0,Impugnação à Composição de Junta Eleitoral,A,N,N,N,N,N,N,N,N,N,N,N,N,N,N,N,N,N,N,N,N,N,N,N,N,N,S,N,N
743,12556,11529.0,Impugnação Perante as Juntas Eleitorais,A,N,N,N,N,N,N,N,N,N,N,N,N,N,N,N,N,N,N,N,N,N,N,N,N,N,S,N,N
744,12557,11540.0,Recurso/Impugnação de Alistamento Eleitoral,A,N,N,N,N,N,N,N,N,N,N,N,N,N,N,N,N,N,N,N,N,N,N,N,N,N,S,N,N
745,12558,11529.0,Registro de Debates,I,N,N,N,N,N,N,N,N,N,N,N,N,N,N,N,N,N,N,N,N,N,N,N,N,N,S,S,S
746,12559,11540.0,Regularização de Situação do Eleitor,A,N,N,N,N,N,N,N,N,N,N,N,N,N,N,N,N,N,N,N,N,N,N,N,N,N,S,S,S
747,12560,11534.0,Lista de Apoiamento para Criação de Partido Político,A,N,N,N,N,N,N,N,N,N,N,N,N,N,N,N,N,N,N,N,N,N,N,N,N,N,S,N,N
748,12561,11529.0,Notícia de Irregularidade em Propaganda Eleitoral,A,N,N,N,N,N,N,N,N,N,N,N,N,N,N,N,N,N,N,N,N,N,N,N,N,N,S,N,N
749,12562,11540.0,PET-ADM,A,N,N,N,N,N,N,N,N,N,N,N,N,N,N,N,N,N,N,N,N,N,N,N,N,N,S,N,N
750,12613,11099.0,Pedido de Conciliação Pré-Processual,I,N,N,N,N,N,N,N,N,N,N,N,N,N,N,N,N,N,N,N,N,N,N,N,N,N,N,N,N
751,12625,11529.0,Direito de Resposta,A,N,N,N,N,N,N,N,N,N,N,N,N,N,N,N,N,N,N,N,N,N,N,N,N,N,S,S,S
752,12626,11547.0,Agravo em Recurso Especial Eleitoral,A,N,N,N,N,N,N,N,N,N,N,N,N,N,N,N,N,N,N,N,N,N,N,N,N,N,N,S,S
753,12627,11525.0,Ação Rescisória Eleitoral,A,N,N,N,N,N,N,N,N,N,N,N,N,N,N,N,N,N,N,N,N,N,N,N,N,N,N,S,S
754,12628,11534.0,Ação de Justificação de Desfiliação Partidária/Perda de Cargo Eletivo,A,N,N,N,N,N,N,N,N,N,N,N,N,N,N,N,N,N,N,N,N,N,N,N,N,N,S,S,N
755,12629,11534.0,Pedido de Novas Eleições,A,N,N,N,N,N,N,N,N,N,N,N,N,N,N,N,N,N,N,N,N,N,N,N,N,N,N,S,S
756,12630,11529.0,Representação Especial,A,N,N,N,N,N,N,N,N,N,N,N,N,N,N,N,N,N,N,N,N,N,N,N,N,N,S,S,S
757,12631,11534.0,Requerimento de Regularização de Omissão de Prestação de Contas Anual,A,N,N,N,N,N,N,N,N,N,N,N,N,N,N,N,N,N,N,N,N,N,N,N,N,N,S,S,S
758,12633,11529.0,Requerimento de Regularização de Omissão de Prestação de Contas Eleitorais,A,N,N,N,N,N,N,N,N,N,N,N,N,N,N,N,N,N,N,N,N,N,N,N,N,N,S,S,S
759,12727,385.0,Execução de Pena de Multa,A,S,S,S,S,S,N,N,S,S,S,S,N,N,N,N,N,N,S,S,N,N,S,S,S,S,S,S,S
760,12728,385.0,Transferência Entre Estabelecimentos Penais,A,S,S,N,S,S,N,N,S,S,S,N,N,N,N,N,N,N,S,S,N,N,S,S,S,S,S,S,S
761,12729,385.0,Execução de Medidas Alternativas,A,S,S,N,S,S,N,N,S,S,S,N,N,N,N,N,N,N,S,S,N,N,S,S,S,S,S,S,S
762,12760,1071.0,Recurso de Julgamento Parcial ,A,N,N,N,N,N,N,N,N,N,N,N,N,N,S,N,N,N,N,N,N,N,N,N,N,N,N,N,N
763,12761,27.0,Homologação do Penhor Legal,A,N,N,N,N,N,N,N,S,N,N,N,N,N,N,N,N,N,N,N,N,N,N,N,N,N,N,N,N
764,12762,50.0,Extinção Consensual de União Estável,A,N,N,N,N,N,N,N,N,N,N,N,N,N,N,N,N,N,N,N,N,N,N,N,N,N,N,N,N
765,12763,27.0,Reconhecimento e Extinção de União Estável,A,N,N,N,N,N,N,N,N,N,N,N,N,N,N,N,N,N,N,N,N,N,N,N,N,N,N,N,N
766,12764,27.0,Separação Contenciosa,A,N,N,N,N,N,N,N,N,N,N,N,N,N,N,N,N,N,N,N,N,N,N,N,N,N,N,N,N
767,12775,1310.0,Ação Direta de Inconstitucionalidade por Omissão,A,N,N,N,N,N,N,N,N,N,N,N,N,N,N,N,N,N,S,N,N,N,N,N,N,N,N,N,N
768,12776,1310.0,Arguição de Impedimento,A,N,N,N,N,N,N,N,N,N,N,N,N,N,N,N,N,N,S,N,N,N,N,N,N,N,N,N,N
769,12777,1310.0,Exceção de Incompetência,A,N,N,N,N,N,N,N,N,N,N,N,N,N,N,N,N,N,S,N,N,N,N,N,N,N,N,N,N
770,12778,1310.0,Exceção de Litispendência,A,N,N,N,N,N,N,N,N,N,N,N,N,N,N,N,N,N,S,N,N,N,N,N,N,N,N,N,N
771,12779,1310.0,Proposta de Súmula Vinculante,A,N,N,N,N,N,N,N,N,N,N,N,N,N,N,N,N,N,S,N,N,N,N,N,N,N,N,N,N
772,12780,1310.0,Admissão de Assistente,A,N,N,N,N,N,N,N,N,N,N,N,N,N,N,N,N,N,S,N,N,N,N,N,N,N,N,N,N
773,12781,1310.0,Impugnação ao Valor da Causa,A,N,N,N,N,N,N,N,N,N,N,N,N,N,N,N,N,N,S,N,N,N,N,N,N,N,N,N,N
774,12782,1310.0,Incidente de Falsidade,A,N,N,N,N,N,N,N,N,N,N,N,N,N,N,N,N,N,S,N,N,N,N,N,N,N,N,N,N
775,12783,1310.0,Oposição,A,N,N,N,N,N,N,N,N,N,N,N,N,N,N,N,N,N,N,N,N,N,N,N,N,N,N,N,N
776,12784,1310.0,Suspeição de Perito,A,N,N,N,N,N,N,N,N,N,N,N,N,N,N,N,N,N,S,N,N,N,N,N,N,N,N,N,N
777,12785,1310.0,Embargos à Execução,A,N,N,N,N,N,N,N,N,N,N,N,N,N,N,N,N,N,S,N,N,N,N,N,N,N,N,N,N
778,12786,1310.0,Cumprimento de Sentença,A,N,N,N,N,N,N,N,N,N,N,N,N,N,N,N,N,N,S,N,N,N,N,N,N,N,N,N,N
779,12788,1310.0,Execução contra a Fazenda Pública,A,N,N,N,N,N,N,N,N,N,N,N,N,N,N,N,N,N,S,N,N,N,N,N,N,N,N,N,N
780,12789,1310.0,Execução de Pena,A,N,N,N,N,N,N,N,N,N,N,N,N,N,N,N,N,N,S,N,N,N,N,N,N,N,N,N,N
781,12790,1310.0,Extensão,A,N,N,N,N,N,N,N,N,N,N,N,N,N,N,N,N,N,S,N,N,N,N,N,N,N,N,N,N
782,12791,1310.0,Incidente de Assunção de Competência,A,N,N,N,N,N,N,N,N,N,N,N,N,N,N,N,N,N,S,N,N,N,N,N,N,N,N,N,N
